image_filename,日文名字 Japanese Name,中文名字 Chinese Name,类型 Type,相关作品 Relevant Work,相关人物 Relevant Character,相关柄图 Relevant Image,Releaser/Event 发行商,发行日期 Release Year/Date,发行价格 Release Price (JPY),发行地区 Release Area,信息来源 Resource,详细信息 Detailed Information
001.jpg,〈和山やま〉「カラオケ行こ!&ファミレス行こ。」 全10種コンプリートBOXアクリルチャームコレクション,《我们去唱卡拉OK吧！》&《我们去家庭餐厅吧。》 亚克力挂件（共10款）,亚克力挂件/钥匙环,"去唱卡拉OK吧 （漫画）, 去家庭餐厅吧/去恰饭吧 （漫画）","成田狂儿, 冈聪实","聪实 蒙娜丽莎 , 聪实 狂儿 空港再会 , 丰田世纪, 猫猫恐慌：真棒~, 和山山的狗 麦克风, 和山山的狗",RE:SHAZAM,8/7/21,8800 (端盒）/880 （单个）,日本,https://store.re-shazam.com/items/49528599,"・狂児&聡実くん （去唱卡拉OK吧 - 狂儿聪实机场重遇）
・カラオケ行こ！（去唱卡拉OK吧 - 狂儿聪实初遇）
・和山先生の犬-カラオケ行こ!ver-(描き下ろしイラスト) （和山山老师的狗-拿话筒版）
・大学生の聡実くん(描き下ろしイラスト) （聪实-大学生）
・ねこねこぱにっく(描き下ろしイラスト) （狂儿-猫猫恐慌表情包 - 太棒啦）
・どうしたらええんやボクは... （狂儿-我究竟该如何是好~ 不想换歌）
・バイトの狂児 （狂儿-二十岁的打工版）
・狂児 （狂儿-烂歌王会被组长刺青啊））
・狂児の車 （狂儿的车 - 丰田世纪）
・モナリザの聡実くん （聪实-蒙娜丽莎）"
002.jpeg,〈和山 やま〉和山やま作品セレクション アクリルチャーム〈全8種〉,《我们去唱卡拉OK吧！》& 《为你着迷》亚克力挂件（共8款）,亚克力挂件/钥匙环,"去唱卡拉OK吧 （漫画）, 为你着迷（漫画）","成田狂儿, 冈聪实, 林美良, 二阶堂明","狂儿 递名片 , 二阶堂 运动衣 , 狂儿 唱红 , 聪实 唱红 , 和山山的狗, 林美良 熊猫头, 林美良 嘘",RE:SHAZAM,1/11/21,7040 (端盒）/880 （单个）,日本,https://store.re-shazam.com/items/37226687,"・和山先生の犬 （和山山老师的狗-看小花版）
・パンダの林くん （林美良-熊猫版）
・林くん （林美良-嘘版）
・ジャージの二階堂 （二阶堂-运动服版）
・紅（〜狂児ver〜）（红-狂儿版）
・KARAOKE IKO!(狂児&聡実くん) （去唱卡拉OK吧 - 狂儿&聪实）
・狂児のよろぴく （狂儿-递名片~请多主教）
・紅（〜聡実ver〜）（红-聪实版）"
003.jpeg,"女の園の星アクションム
(全10種)",《女校之星》 亚克力挂件 （共10款）,亚克力挂件/钥匙环,女校之星（漫画）,"星老师, 小林老师, 中村老师","星老师 锹甲虫幸运男孩, 小林星 放大镜, 中村老师, 奶茶/节子",RE:SHAZAM,8/7/21,8800 (端盒）/880 （单个）,日本,,"・クワガタボーイ （星老师 - 锹甲虫男孩版）
・星先生A（星老师 A-全身照） 
・星先生B （星老师 B-喝水） 
・星先生&小林先生 A（星老师和小林老师 A-看漫画） 
・星先生&小林先生 B（星老师和小林老师 B） 
・小林先生 （小林老师）
・中村先生 （中村老师）
・ナリ坊 （小林老师创作的排球部吉祥物）
・し･･･死んでる･･･ （她死了。。。）
・セツコ(タピオカ) （被画了眉毛的节子/奶茶）"
004.jpeg,女の園の星 BIGアクリルキーホルダー,《女校之星》大 亚克力挂件,亚克力挂件/钥匙环,女校之星（漫画）,"小林老师, 星老师",小林星 擦黑板,BOOTH,10/8/24,2970,日本,https://x.com/onna_sono_Hoshi/status/1843607527981973726?lang=en,"这幅人气爆棚的插画现在推出大号亚克力钥匙扣啦！
可爱的老师主题装饰品由山山老师绘制，首次公开亮相哦！🪿💎💎💎
可以摆放在显眼的位置，也可以挂在包包上。记得带上星老师和小林老师哦！"
005.jpg,描き下ろし商品〈和山やま〉 「カラオケ行こ！」 アクリルプレート,《我们去唱卡拉OK吧！》聪实 狂儿 训狗大师 亚克力板,亚克力立牌/亚克力板,去唱卡拉OK吧 （漫画）,"成田狂儿, 冈聪实",聪实 狂儿 训狗大师,RE:SHAZAM,3/31/24,4950,日本,https://store.re-shazam.com/items/83720704,宽18.5cm * 高 24cm，附支架
006.jpg,描き下ろし商品〈和山やま〉 「ファミレス行こ。」 アクリルプレート,《我们去家庭餐厅吧。》亚克力板,亚克力立牌/亚克力板,去家庭餐厅吧/去恰饭吧 （漫画）,"成田狂儿, 冈聪实",聪实 狂儿 郁金香松饼咖啡,RE:SHAZAM,3/31/24,4950,日本,https://store.re-shazam.com/items/83720635,宽18.5cm * 高 24cm，附支架
007.jpg,「ファミレス行こ。」A5リングノート,《我们去家庭餐厅吧。》A5线圈笔记本,笔记本,去家庭餐厅吧/去恰饭吧 （漫画）,"成田狂儿, 冈聪实",聪实 狂儿 郁金香松饼咖啡,RE:SHAZAM,8/7/21,1650,日本,https://nijimen.kusuguru.co.jp/topics/200304,
008.jpg,「ファミレス行こ。」F4キャンバスアート - 008,《我们去家庭餐厅吧。》F4帆布画,帆布挂画,去家庭餐厅吧/去恰饭吧 （漫画）,"成田狂儿, 冈聪实",聪实 狂儿 郁金香松饼咖啡,RE:SHAZAM,8/7/21,7700,日本,https://nijimen.kusuguru.co.jp/topics/200304,
009.jpg,「ファミレス行こ。」ロングスリーブTシャツ,《我们去家庭餐厅吧。》长袖T恤,衣服,去家庭餐厅吧/去恰饭吧 （漫画）,"成田狂儿, 冈聪实",聪实 狂儿 郁金香松饼咖啡,RE:SHAZAM,8/7/21,7980,日本,https://nijimen.kusuguru.co.jp/topics/200304,"M：胸长 约70cm/衣长 约52cm/肩长 约47cm/袖长 约58cm
L：胸长 约74cm/衣长 约55cm/肩长 约50cm/袖长 约59cm
XL：胸长 约78cm/衣长 约58cm/肩长 约53cm/袖长 约60cm"
010.jpg,描き下ろし商品〈和山やま〉 「カラオケ行こ！」 狂児＆聡実くんTシャツ,《我们去唱卡拉OK吧！》聪实 狂儿 训狗大师 T恤,衣服,去唱卡拉OK吧 （漫画）,"成田狂儿, 冈聪实",聪实 狂儿 训狗大师,RE:SHAZAM,12/18/20,5830,日本,https://store.re-shazam.com/items/37271381,"M：胸长65cm/衣长47.5cm/肩长 43cm/袖长18.5cm
L：胸长68cm/衣长50cm/肩长 45.5cm/袖长19.5cm
XL：胸长71cm/衣长52.5cm/肩长 48cm/袖长20.5cm"
011.jpg,和山やま カラオケ行こ！パーカー,《我们去唱卡拉OK吧！》聪实 狂儿 训狗大师 拉链帽衫,衣服,去唱卡拉OK吧 （漫画）,"成田狂儿, 冈聪实",聪实 狂儿 训狗大师,RE:SHAZAM,3/9/21,,日本,https://x.com/reshazam_info/status/1367738300107132929,
012.jpg,描き下ろし商品〈和山やま〉「ファミレス行こ。」Tシャツ,《我们去家庭餐厅吧。》T恤,衣服,去家庭餐厅吧/去恰饭吧 （漫画）,"成田狂儿, 冈聪实",聪实 狂儿 郁金香松饼咖啡,RE:SHAZAM,,5940,日本,https://store.re-shazam.com/items/49526635,"M：胸长66cm/衣长49cm/肩长 44cm/袖长19cm
L：胸长70cm/衣长52cm/肩长 47cm/袖长20cm
XL：胸长74cm/衣长55cm/肩长 50cm/袖长22cm"
013.jpg,描き下ろし商品〈和山やま〉「ファミレス行こ。」ねこねこぱにっくトートバッグ,《我们去家庭餐厅吧。》 猫猫恐慌：真棒~ 手提袋,包包,去家庭餐厅吧/去恰饭吧 （漫画）,成田狂儿,猫猫恐慌：真棒~,RE:SHAZAM,8/7/21,3850,日本,https://store.re-shazam.com/items/49526909,"尺寸：宽33cm * 高40cm * 深15cm
材质：棉"
014.jpg,〈和山やま〉A4クリアファイル3種セット（内1種 描き下ろしイラスト）,《我们去唱卡拉OK吧！》&《为你着迷》 一套三个A4文件夹,文件夹,"去唱卡拉OK吧 （漫画）, 为你着迷（漫画）","成田狂儿, 冈聪实, 二阶堂明, 目高优一, 林美良, 江间让二","聪实 狂儿 雨中撑伞 , 聪实 狂儿 训狗大师, 林美良 嘘",RE:SHAZAM,8/7/21,1650（一套）,日本,https://store.re-shazam.com/items/37271538,
015.jpg,〈和山やま〉「カラオケ行こ！&ファミレス行こ。」A4クリアファイル3種セット（内1種 描き下ろしイラスト）,《我们去唱卡拉OK吧！》&《我们去家庭餐厅吧。》 一套三个A4文件夹,文件夹,"去唱卡拉OK吧 （漫画）, 去家庭餐厅吧/去恰饭吧 （漫画）","成田狂儿, 冈聪实","聪实 狂儿 郁金香松饼咖啡 , 聪实 蒙娜丽莎 , 猫猫恐慌：真棒~",RE:SHAZAM,8/7/21,1650（一套）,日本,https://store.re-shazam.com/items/49528034,
016.jpg,描き下ろし商品〈和山やま〉「カラオケ行こ! 」和山先生の犬柄タオルハンカチ,和山山老师的狗-拿话筒版 《我们去唱卡拉OK吧！》 T恤,衣服,"去唱卡拉OK吧 （漫画）, 和山山原创",,"和山山的狗 麦克风, 和山山的狗",RE:SHAZAM,8/7/21,5830,日本,https://store.re-shazam.com/items/49526755,"M：胸长65cm/衣长47.5cm/肩长 43cm/袖长18.5cm
L：胸长68cm/衣长50cm/肩长 45.5cm/袖长19.5cm
XL：胸长71cm/衣长52.5cm/肩长 48cm/袖长20.5cm"
017.jpg,描き下ろし商品〈和山やま〉「カラオケ行こ! 」和山先生の犬 Tシャツ,和山山老师的狗-拿话筒版 《我们去唱卡拉OK吧！》毛巾手帕,毛巾/擦手巾,"去唱卡拉OK吧 （漫画）, 和山山原创",,"和山山的狗 麦克风, 和山山的狗",RE:SHAZAM,8/7/21,2200,日本,https://store.re-shazam.com/items/49527181,"尺寸：宽37cm * 高34cm 
材质：棉"
018.jpg,"和山先生の犬ぬいぐるみ 数量限定
",和山山老师的狗-毛绒玩具 （数量限定版）,娃娃/毛绒玩具,和山山原创,,和山山的狗,RE:SHAZAM,8/7/21,4950,日本,,
019.jpg,「カラオケ行こ！」グラフィックビッグポーチが,《我们去唱卡拉OK吧！》大号收纳袋,收纳袋,去唱卡拉OK吧 （漫画）,"成田狂儿, 冈聪实",聪实 狂儿 空港再会,RE:SHAZAM,12/18/20,,日本,https://x.com/reshazam_info/status/1334422919829540865,Comic Beam 25周年 Pop Up Store
020.jpg,「夢中さ、きみに。」グラフィックビッグポーチが,《为你着迷》  大号收纳袋,收纳袋,为你着迷（漫画）,"二阶堂明, 目高优一, 林美良, 江间让二","林美良 嘘, 林美良 熊猫头",RE:SHAZAM,12/18/20,,日本,https://x.com/reshazam_info/status/1334422919829540865,Comic Beam 25周年 Pop Up Store
021.jpg,和山やま『女の園の星』直筆サイン入りアクリルプレート,《女校之星》 复制和山山签名亚克力板,亚克力立牌/亚克力板,女校之星（漫画）,"小林老师, 星老师",女校之星 地铁,,4/28/24,10000,日本,https://shu-cream.com/goods/%E5%92%8C%E5%B1%B1%E3%82%84%E3%81%BE%E3%80%8E%E5%A5%B3%E3%81%AE%E5%9C%92%E3%81%AE%E6%98%9F%E3%80%8F%E7%9B%B4%E7%AD%86%E3%82%B5%E3%82%A4%E3%83%B3%E5%85%A5%E3%82%8A%E3%82%A2%E3%82%AF%E3%83%AA%E3%83%AB,"尺寸：A4 横向 (297mm x 210mm)
页数：1
印刷：单面全彩
手工/复制手工签名"
022.jpg,和山やま『女の園の星』クリアファイル＋ステッカーセット（複製原画特典付き）,《女校之星》 透明文件夹+贴纸套装（附赠原画复制品）- 小林老师星老师复制原画,复制原画（单张）,女校之星（漫画）,"小林老师, 星老师",小林星 放大镜,BOOTH,4/23/21,2750 （套组出售）,日本,https://booth.pm/en/items/2709956,
023.jpg,女の園の星／はんこ2個セット,《女校之星》 - 小林老师星老师 + 继续努力 印章套组,印章,女校之星（漫画）,"小林老师, 星老师",小林星 鬼脸,BOOTH,4/28/21,3850 （套组出售）,日本,https://booth.pm/en/items/2921344,印章图案尺寸：3cm*3cm
024.jpg,女の園の星マグカップ,《女校之星》 - 小林老师的杯子,马克杯,女校之星（漫画）,星老师,星老师 马克杯,RE:SHAZAM,10/18/21,2860,日本,https://nijimen.kusuguru.co.jp/topics/200304,"直径80mm*高95mm
材质：陶
重量：350g
容量：350ml"
025.jpg,"「女の園の星] メガネケース
- マイクロファイバークロス付き -
小林先生のポロシャツモチーフ柄",《女校之星》 - 眼镜盒眼镜布套组-小林老师polo衫图案,眼镜布/眼镜盒,女校之星（漫画）,小林老师,,RE:SHAZAM,10/18/21,3740,日本,https://nijimen.kusuguru.co.jp/topics/200304,"眼镜盒尺寸：160mm*60mm*40mm 
眼镜布尺寸：150mm*180mm"
026.jpg,和山やま『女の園の星』クリアファイル＋ステッカーセット（複製原画特典付き）,《女校之星》 透明文件夹+贴纸套装（附赠原画复制品）- 星老师“锹甲虫男孩”毕业照 （3普通+1闪光）,证件照,女校之星（漫画）,星老师,星老师 锹甲虫幸运男孩,BOOTH,4/23/21,2750 （套组出售）,日本,https://booth.pm/en/items/2709956,"- 毕业照单张尺寸：3cm*4cm
- 880 （毕业照单独再贩价格）10/8/2025"
027.jpg,和山やま『女の園の星』クリアファイル＋ステッカーセット（複製原画特典付き）,《女校之星》透明文件夹+贴纸套装（附赠原画复制品）- 一套四个A4文件夹,文件夹,女校之星（漫画）,"星老师, 小林老师",星老师 锹甲虫幸运男孩,BOOTH,4/23/21,2750 （套组出售）,日本,https://booth.pm/en/items/2709956,
028.jpg,女の園の星／チェキ風カードセット＜A／B＞,《女校之星》 - 语文教师 + 数学教师 拍立得套组 （一组6张，共2组，12张）,拍立得,女校之星（漫画）,"小林老师, 星老师, 中村老师","小林老师 举排球, 星老师 捧饭团",BOOTH,11/3/24,1320 （单组）,日本,https://booth.pm/en/items/6159545,"●套组A：国語教師和中村先生
星先生1／星先生2／星先生＆小林先生＆緑川先生／増田先生／金子先生／中村先生
●套组B：数学教師
小林先生1／小林先生2／小林先生3／小林先生4／緑川先生／長谷川先生
----------------------------------
单张尺寸：宽54mm*高86mm
----------------------------------"
029.jpg,コミックビーム28th展 ミニ色紙 和山やま,空港再会 原画复制色纸,色纸,去唱卡拉OK吧 （漫画）,"成田狂儿, 冈聪实",聪实 狂儿 空港再会,コミックビーム28th展,6/28/24,550,日本,https://store.kadokawa.co.jp/shop/g/g302403008770/?publication_id=pt00469,"材质：纸质
尺寸：约136 x 120毫米
产地：日本"
030.jpg,コミックビーム28th展 A4クリアファイル 和山やま,聪实 萨莉亚接饮料 A4文件夹,文件夹,去家庭餐厅吧/去恰饭吧 （漫画）,冈聪实,聪实 萨莉亚 接饮料,コミックビーム28th展,6/28/24,660,日本,https://store.kadokawa.co.jp/shop/g/g302403008784/?publication_id=pt00469,"材质：PP
尺寸：约 310 x 220 毫米
产地：日本"
031.jpg,コミックビーム28th展 A4クリアファイル キービジュアル,Comic Beam 第28届展览 A4透明文件夹,文件夹,去家庭餐厅吧/去恰饭吧 （漫画）,冈聪实,,コミックビーム28th展,6/28/24,660,日本,https://store.kadokawa.co.jp/shop/g/g302403008798/?publication_id=pt00469,"材质：纸质
尺寸：约 80 x 55 毫米（因类型而异）
原产国：日本"
032.jpg,コミックビーム28th展 ダイカットステッカー（2枚セット） 和山やま,《我们去家庭餐厅吧。》异形贴纸（2张一套）,贴纸,去家庭餐厅吧/去恰饭吧 （漫画）,"成田狂儿, 冈聪实","聪实 狂儿 萨莉亚 很不高兴见到你, 聪实 狂儿 散散步吧",コミックビーム28th展,6/28/24,605,日本,https://store.kadokawa.co.jp/shop/g/g302403008799/?publication_id=pt00469,"素材：紙
サイズ：約80×55mm内（※種類によって異なります。）
生産国：日本"
033.jpg,コミックビーム28th展 アクリルキーホルダー 和山やま,《我们去唱卡拉OK吧！》地狱可真热啊 亚克力挂件,亚克力挂件/钥匙环,去唱卡拉OK吧 （漫画）,"成田狂儿, 冈聪实",聪实 狂儿 “地狱可真热啊”,コミックビーム28th展,6/28/24,770,日本,https://store.kadokawa.co.jp/shop/g/g302403008813/?publication_id=pt00469,"材质：亚克力、铁
尺寸：约 80 x 50 毫米（因款式而异）
产地：日本"
034.jpg,コミックビーム28th展 高級複製原画 和山やま,《我们去家庭餐厅吧。》散散步吧 高品质原画复制品,复制原画（画框）,去家庭餐厅吧/去恰饭吧 （漫画）,"成田狂儿, 冈聪实",聪实 狂儿 散散步吧,コミックビーム28th展,7/19/24,27500,日本,https://store.kadokawa.co.jp/shop/g/g302403008857/?publication_id=pt00469,"材质：纸，画框：木质，画框表面：亚克力，胶合板
尺寸：约 445 x 338 毫米
产地：日本"
035.jpg,コミックビーム28th展 アクリルブロック 和山やま,《我们去家庭餐厅吧。》狂儿 递手表 亚克力块,亚克力立牌/亚克力板,去家庭餐厅吧/去恰饭吧 （漫画）,成田狂儿,狂儿 递表,コミックビーム28th展,6/28/24,770,日本,https://store.kadokawa.co.jp/shop/g/g302403008828/,"材质：亚克力
尺寸：约 65 x 35 毫米（因款式而异）
产地：日本"
036.jpg,コミックビーム28th展 複製原稿 和山やま,《我们去家庭餐厅吧。》狂儿 抽烟 复制原画,复制原画（单张）,去家庭餐厅吧/去恰饭吧 （漫画）,成田狂儿,狂儿 抽烟,コミックビーム28th展,6/28/24,1100,日本,https://store.kadokawa.co.jp/shop/g/g302403008842/,"材质：纸质
尺寸：约364 x 257毫米
产地：日本"
037.jpg,「カラオケ行こ!」フレグランス - 成田狂児,《我们去唱卡拉OK吧！》角色香水 - 成田狂儿,香水,去唱卡拉OK吧 （漫画）,成田狂儿,,primaniacs,7/22/22,6600,日本,https://nijimen.kusuguru.co.jp/topics/304982,"那双迷人的眼睛让我心动不已，麝香般的馥郁香气也缓缓渗入。
在浓郁刺激的香料气息之下，隐藏着厚重皮革的醇厚气息。
散发着成熟稳重气息的优雅氛围，渐渐被如同人体肌肤般温暖的麝香所笼罩，营造出宁静祥和的氛围。
它是一种苦涩而深沉的香气，在危险的外表下散发出平静、阳刚的甜美。
前调：佛手柑、黑胡椒、孜然、乳香
中调：皮革香调，烟草；
基调：苔藓，麝香，香根草，劳丹脂"
038.jpg,「カラオケ行こ!」フレグランス - 岡聡実,《我们去唱卡拉OK吧！》角色香水 - 冈聪实,香水,去唱卡拉OK吧 （漫画）,冈聪实,,primaniacs,7/22/22,6600,日本,https://nijimen.kusuguru.co.jp/topics/304982,"将你烦恼的思绪藏在心底，就像一本清澈如水的肥皂笔记本。
淡淡的皂香与清新的甜味交织在一起。这微妙而又时而飘忽的香气，让我想起一个仍在成长的男孩心中那份难以言喻的苦闷。
很快，柔和的空气中充满了新鲜柏树的沙沙声，给你的心带来了一丝光明。
这款香水气味淡雅，却又不失个性，营造出一种令人愉悦的和谐感。
前调：海洋气息、甜瓜；
中调：肥皂气息、铃兰、玫瑰、樟树
最后：花香臭氧、麝香、檀香、柏树"
039.jpg,『カラオケ行こ！』マグカップ,《我们去唱卡拉OK吧！》马克杯,马克杯,去唱卡拉OK吧 （漫画）,"成田狂儿, 冈聪实","丰田世纪, 狂儿 递名片",カラオケ行こ！ 漫画CAFE,12/4/21,2500,日本,https://store.kadokawa.co.jp/shop/g/g302111002245/,"这款马克杯以《一起去卡拉OK吧！》为主题，饰有条纹图案，灵感源自“卡拉OK天堂”的壁纸，以及该系列中的人物和图案。

[尺寸]
高9.5厘米 x 直径8厘米 / 容量：350毫升

[材质]
陶瓷

[产地]
杯身：中国 / 加工：日本"
040.jpg,『カラオケ行こ！』アクリルプレート,《我们去唱卡拉OK吧！》亚克力板,亚克力立牌/亚克力板,去唱卡拉OK吧 （漫画）,"成田狂儿, 冈聪实",聪实 狂儿 雨中撑伞,カラオケ行こ！ 漫画CAFE,12/4/21,4500,日本,https://store.kadokawa.co.jp/shop/g/g302111002247/,"这款亚克力板以漫画《卡拉OK伊科！》的封面插图为主题，并附有和山老师的电子签名，让您可以欣赏到精美的彩色插图。

[尺寸]
高19.5厘米 x 宽25厘米 / 含支架

[材质]
亚克力（主体），含金属支架

[产地]
日本"
041.jpg,メニュー注文特典：コースター,菜单点餐额外赠送：杯垫（一共四款）,杯垫（纸质）,去唱卡拉OK吧 （漫画）,"成田狂儿, 冈聪实","聪实 吃炒饭, 狂儿 吃巴菲, 聪实 唱红 , 狂儿 唱红",カラオケ行こ！ 漫画CAFE,12/4/21,N/A 赠品,日本,https://nijimen.kusuguru.co.jp/topics/240609,"作为咖啡馆的特别福利，顾客每点一份菜单上的菜品，即可获赠一个随机挑选的原创杯垫。集齐四种类型后，背面的插图就会完整。

预购门票 660， 饮品价格650~770."
042.jpg,事前予約：缶バッジセット,门票预购额外赠送：徽章一对,徽章/吧唧,去唱卡拉OK吧 （漫画）,"成田狂儿, 冈聪实",聪实 吃炒饭,カラオケ行こ！ 漫画CAFE,12/4/21,N/A 赠品,日本,https://nijimen.kusuguru.co.jp/topics/240610,您可以通过在 Lawson Ticket 购买您想要的日期和时间的门票进行提前预订，这将使您享有优先进入商店的权利，并附赠两枚原装罐装徽章。
043.jpg,『カラオケ行こ！』＆『ファミレス行こ。』ステッカーセット Aセット,《我们去唱卡拉OK吧！》 & 《我们去家庭餐厅吧。》 贴纸套装 A,贴纸,去唱卡拉OK吧 （漫画）,"成田狂儿, 冈聪实",,カラオケ行こ！ 漫画CAFE,12/4/21,900,日本,https://store.kadokawa.co.jp/shop/g/g302111002241/,"[尺寸]
约高6厘米 x 宽5厘米 / 一套5张
[材质]
PVC
[产地]
日本"
044.jpg,『カラオケ行こ！』＆『ファミレス行こ。』ステッカーセット Bセット,《我们去唱卡拉OK吧！》 & 《我们去家庭餐厅吧。》 贴纸套装 B,贴纸,去唱卡拉OK吧 （漫画）,"成田狂儿, 冈聪实",聪实 狂儿 TV对视,カラオケ行こ！ 漫画CAFE,12/4/21,900,日本,https://store.kadokawa.co.jp/shop/g/g302111002243/,"[尺寸]
约高6厘米 x 宽5厘米 / 一套5张
[材质]
PVC
[产地]
日本"
045.jpg,『カラオケ行こ！』＆『ファミレス行こ。』ステッカーセット Cセット,《我们去唱卡拉OK吧！》 & 《我们去家庭餐厅吧。》 贴纸套装 C,贴纸,"去唱卡拉OK吧 （漫画）, 去家庭餐厅吧/去恰饭吧 （漫画）","成田狂儿, 冈聪实","狂儿 抽烟, 狂儿 22？",カラオケ行こ！ 漫画CAFE,12/4/21,900,日本,https://store.kadokawa.co.jp/shop/g/g302111002244/,"[尺寸]
约高6厘米 x 宽5厘米 / 一套5张
[材质]
PVC
[产地]
日本"
046.jpg,朗読劇『カラオケ行こ！』 和山やま描き下ろしメインビジュアル F4キャンバスボード,朗读剧 《我们去唱卡拉OK吧！》 F4帆布画,帆布挂画,去唱卡拉OK吧 （漫画）,"成田狂儿, 冈聪实",聪实 狂儿 家庭照,カラオケ行こ！朗读剧,3/1/22,7700,日本,https://store.kadokawa.co.jp/shop/g/g4541993102877/,"由原作者山山和山绘制的朗读剧主视觉插图，现已制作成F4尺寸的画布画板！
尺寸：高333毫米 x 宽243毫米，厚度：约2厘米"
047.jpg,朗読劇『カラオケ行こ！』パンフレット,朗读剧 《我们去唱卡拉OK吧！》 小册子,小册子,去唱卡拉OK吧 （漫画）,"成田狂儿, 冈聪实",聪实 狂儿 家庭照,カラオケ行こ！朗读剧,3/1/22,1800,日本,https://store.kadokawa.co.jp/shop/g/g4541993102167/,"朗读剧《一起去卡拉OK吧！》的宣传册，16页全彩，包含Yama Yama和演员的评论，以及主演市川太一和江口拓也的剧照！
A4尺寸 16页 全彩"
048.jpg,【非売品】朗読劇「カラオケ行こ！」ブックカバー,朗读剧 《我们去唱卡拉OK吧！》 【非卖品】书皮/包书纸,包书皮,去唱卡拉OK吧 （漫画）,"成田狂儿, 冈聪实",聪实 狂儿 家庭照,カラオケ行こ！朗读剧,3/1/22,N/A,日本,,
049.jpg,【非売品】朗読劇「カラオケ行こ！」A4クリアファイル,朗读剧 《我们去唱卡拉OK吧！》 【非卖品】A4透明双面文件夹,文件夹,去唱卡拉OK吧 （漫画）,"成田狂儿, 冈聪实",聪实 狂儿 家庭照,カラオケ行こ！朗读剧,3/1/22,N/A,日本,https://buyee.jp/mercari/item/m59504009489?conversionType=Mercari_DirectSearch,
050.jpg,,朗读剧 《我们去唱卡拉OK吧！》 【非卖品】双面明信片,纸片子,去唱卡拉OK吧 （漫画）,"成田狂儿, 冈聪实",聪实 狂儿 家庭照,カラオケ行こ！朗读剧,3/1/22,N/A,日本,https://buyee.jp/mercari/item/m59504009489?conversionType=Mercari_DirectSearch,
051.jpg,朗読劇『カラオケ行こ！』缶バッジ,朗读剧 《我们去唱卡拉OK吧！》徽章（盲盒）,徽章/吧唧,去唱卡拉OK吧 （漫画）,"成田狂儿, 冈聪实",聪实 狂儿 家庭照,カラオケ行こ！朗读剧,3/1/22,550（单款）,日本,https://store.kadokawa.co.jp/shop/g/g4541993102174/,"共8种（随机）
产品尺寸：直径57mm"
052.jpg,朗読劇『カラオケ行こ！』アクリルスタンド成田狂児,朗读剧 《我们去唱卡拉OK吧！》亚克力立牌-成田狂儿,亚克力立牌/亚克力板,去唱卡拉OK吧 （漫画）,成田狂儿,聪实 狂儿 家庭照,カラオケ行こ！朗读剧,3/1/22,1800,日本,https://store.kadokawa.co.jp/shop/g/g4541993102228/,"亚克力立牌，上面印有朗读剧《成田恭司》的主视觉插图，由原作者 Yama Yama 绘制！
■规格
尺寸：最大约高140 x 宽62毫米，厚度3毫米
*尺寸可能因图示略有不同。"
053.jpg,朗読劇『カラオケ行こ！』アクリルスタンド岡聡実,朗读剧 《我们去唱卡拉OK吧！》亚克力立牌-冈聪实,亚克力立牌/亚克力板,去唱卡拉OK吧 （漫画）,冈聪实,聪实 狂儿 家庭照,カラオケ行こ！朗读剧,3/1/22,1800,日本,https://store.kadokawa.co.jp/shop/g/g4541993102235/,"亚克力立牌，上面印有朗读剧《成田恭司》的主视觉插图，由原作者 Yama Yama 绘制！
■规格
尺寸：最大约高140 x 宽62毫米，厚度3毫米
*尺寸可能因图示略有不同。"
054.jpg,,简中版《去家庭餐厅吧 上》/《去恰饭吧》特装版 特典  烫金徽章组,徽章/吧唧,去家庭餐厅吧/去恰饭吧 （漫画）,"成田狂儿, 冈聪实",,,10/20/25,,大陆,,
055.jpg,,简中版《去家庭餐厅吧 上》/《去恰饭吧》特装版 茑屋限定 特典 他和他 光栅卡,光栅卡,去家庭餐厅吧/去恰饭吧 （漫画）,"成田狂儿, 冈聪实",,,10/20/25,,大陆,,
056.jpg,,简中版《去家庭餐厅吧 上》/《去恰饭吧》普通版 特典  再会名场面 光栅卡,光栅卡,去家庭餐厅吧/去恰饭吧 （漫画）,"成田狂儿, 冈聪实","狂儿 递名片 , 狂儿 递表",,10/20/25,,大陆,,
057.jpg,,简中版《去家庭餐厅吧 上》/《去恰饭吧》普通版 特典 贴纸,贴纸,去家庭餐厅吧/去恰饭吧 （漫画）,"成田狂儿, 冈聪实","狂儿 递表, 聪实 狂儿 萨莉亚 很不高兴见到你, 猫猫恐慌：真棒~",,10/20/25,,大陆,,
058.jpg,,简中版《去家庭餐厅吧 上》/《去恰饭吧》普通版 特典  一起去恰饭 透卡,透卡,去家庭餐厅吧/去恰饭吧 （漫画）,"成田狂儿, 冈聪实",聪实 狂儿 咲茶店对视,,10/20/25,,大陆,,
059.jpg,,简中版《去家庭餐厅吧 上》/《去恰饭吧》特装版 茑屋限定 特典  一起去点餐 透卡,透卡,去家庭餐厅吧/去恰饭吧 （漫画）,"成田狂儿, 冈聪实",聪实 狂儿 中餐馆点单,,10/20/25,,大陆,,
060.jpg,,繁中版《去家庭餐厅吧 上》首刷限定版 特典 明信片 （一套4张）,纸片子,去家庭餐厅吧/去恰饭吧 （漫画）,"成田狂儿, 冈聪实","聪实 狂儿 郁金香松饼咖啡 , 聪实 狂儿 咲茶店对视, 狂儿 吃咖喱, 聪实 萨莉亚 接饮料",,10/7/24,N/A 赠品,台湾,https://www.books.com.tw/products/0010999939?sloc=main,明信片 約15*10CM 紙
061.jpg,,繁中版《去家庭餐厅吧。上》首刷限定版 特典 成田狂儿 烫金明信片,名片/名片夹,"去家庭餐厅吧/去恰饭吧 （漫画）, 去唱卡拉OK吧 （漫画）",成田狂儿,,,10/7/24,N/A 赠品,台湾,https://www.books.com.tw/products/0010999939?sloc=main,燙金名片 約9*5.4CM 紙
062.jpg,,繁中版《去家庭餐厅吧。上》首刷限定版 书店特典 海报,海报,去家庭餐厅吧/去恰饭吧 （漫画）,"成田狂儿, 冈聪实",聪实 狂儿 散散步吧,,10/7/24,N/A 赠品,台湾,,尺寸：28*61cm
063.jpg,,东立出版社 满赠【LOVE FOR U】文件夹,文件夹,去家庭餐厅吧/去恰饭吧 （漫画）,"成田狂儿, 冈聪实",聪实 狂儿 散散步吧,,10/14/24,N/A 赠品,台湾,https://gnn.gamer.com.tw/detail.php?sn=275437,"東立出版社今日宣布，2024 年東立全品項通路活動「買慶祭」正式開跑的消息，即日起於活動店家購買東立全品項商品（含漫畫、小說、週邊，特殊商品除外），滿額即隨機贈送「LOVE for U」多功能資料夾。
「LOVE for U」多功能資料夾便是由「L 夾」與「U 型夾」的結合而成，除了防水 PP 材質完全不用擔心手滑打翻水或飲料之外，精美印刷也忠實呈現各作品的絕美彩圖！
關於博客來、金石堂、momo 等網路書店的活動辦法則請以該店官方網站公告為主。只要在活動店家購買東立全品項商品(含漫畫、小說、精品，特殊商品除外)，滿 359 元就能獲得 1 份。"
064.jpg,,韩文版 《去家庭餐厅吧。上》首限 随书附赠 小卡（一套2张）,小卡,去家庭餐厅吧/去恰饭吧 （漫画）,"成田狂儿, 冈聪实","聪实 狂儿 散散步吧, 狂儿 吃咖喱",,3/28/24,N/A 赠品,韩国,,尺寸：55*85mm
065.jpg,,"韩文版 《去家庭餐厅吧。上》首限 书店满赠
教保书店：收据书签",书签,去家庭餐厅吧/去恰饭吧 （漫画）,"成田狂儿, 冈聪实",聪实 狂儿 散散步吧,,3/28/24,N/A 赠品,韩国,https://x.com/mundongcomics/status/1773177091145564177,"包括《去家庭餐厅吧 上》在内，所有书籍价格均超过15,000韩元。购买商品即可获赠礼品。
《去家庭餐厅吧 上》韩文版首限价格 7650 韩币"
066.jpg,,"韩文版 《去家庭餐厅吧。上》首限 书店满赠
阿拉丁：亚克力门把手",亚克力立牌/亚克力板,去家庭餐厅吧/去恰饭吧 （漫画）,"成田狂儿, 冈聪实",聪实 狂儿 散散步吧,,3/28/24,N/A 赠品,韩国,https://x.com/mundongcomics/status/1773177091145564177,"包括《去家庭餐厅吧 上》在内，所有书籍价格均超过15,000韩元。购买商品即可获赠礼品。
《去家庭餐厅吧 上》韩文版首限价格 7650 韩币"
067.jpg,,"韩文版《去家庭餐厅吧。上》首限 书店满赠
Yes24：亚克力磁铁冰箱贴",亚克力磁吸（冰箱贴）,去家庭餐厅吧/去恰饭吧 （漫画）,"成田狂儿, 冈聪实",聪实 狂儿 散散步吧,,3/28/24,N/A 赠品,韩国,https://x.com/mundongcomics/status/1773177091145564178,"包括《去家庭餐厅吧 上》在内，所有书籍价格均超过15,000韩元。购买商品即可获赠礼品。
《去家庭餐厅吧 上》韩文版首限价格 7650 韩币"
068.jpg,,和山山韩国签名会伴手礼 纸袋,收纳袋,去家庭餐厅吧/去恰饭吧 （漫画）,"成田狂儿, 冈聪实",聪实 狂儿 咲茶店对视,Munhakdong 文鹤洞出版社,4/6/24,N/A 赠品,韩国,https://smartstore.naver.com/munhak210/products/10037055914,"- 《去唱卡拉OK吧！》《去家庭餐厅吧。上》读者评论大赛奖品 6/11/2024
- 和山山韩国签名会伴手礼 4/6/2024

尺寸： 260*360*100mm"
069.jpg,,和山山韩国签名会伴手礼 A3海报,海报,去家庭餐厅吧/去恰饭吧 （漫画）,"成田狂儿, 冈聪实",聪实 狂儿 散散步吧,Munhakdong 文鹤洞出版社,4/6/24,N/A 赠品,韩国,https://smartstore.naver.com/munhak210/products/10037055914,"- 《去唱卡拉OK吧！》《去家庭餐厅吧。上》读者评论大赛奖品 6/11/2024
- 《去家庭餐厅吧。上》地铁站打卡活动 奖品 3/25/2024
- 和山山韩国签名会伴手礼 4/6/2024

尺寸：A3"
070.jpg,,和山山韩国签名会伴手礼 A5签名板,亚克力立牌/亚克力板,去家庭餐厅吧/去恰饭吧 （漫画）,"成田狂儿, 冈聪实",聪实 狂儿 散散步吧,Munhakdong 文鹤洞出版社,4/6/24,N/A 赠品,韩国,https://smartstore.naver.com/munhak210/products/10037055914,"和山山2024.4.6 韩国签名会伴手礼：
- 韩文版《一起去家庭餐厅吧》首刷限定版 （特典：狂儿&聪实双面小卡）
- 纸袋 260*360*100mm
- 签名板 A5 （和山山签名用）
- 贴纸 （一套2种） 120*240mm/哑光
- 眼镜布 180*150mm
- ‘猫猫恐慌：真棒~’ 硅藻泥杯垫  106*106mm 圆形
- ‘聪实：很不高兴见到你’ 亚克力钥匙扣 70*50mm"
071.jpg,,和山山韩国签名会伴手礼 钥匙环,亚克力挂件/钥匙环,去家庭餐厅吧/去恰饭吧 （漫画）,"成田狂儿, 冈聪实",聪实 狂儿 萨莉亚 很不高兴见到你,Munhakdong 文鹤洞出版社,4/6/24,N/A 赠品,韩国,https://smartstore.naver.com/munhak210/products/10037055915,"- 《去唱卡拉OK吧！》《去家庭餐厅吧。上》读者评论大赛奖品 6/11/2024
- 和山山韩国签名会伴手礼 4/6/2024

尺寸： ‘聪实：很不高兴见到你’ 亚克力钥匙扣 70*50mm"
072.jpg,,和山山韩国签名会伴手礼 硅藻泥杯垫,杯垫（硅藻泥）,去家庭餐厅吧/去恰饭吧 （漫画）,成田狂儿,猫猫恐慌：真棒~,Munhakdong 文鹤洞出版社,4/6/24,N/A 赠品,韩国,https://smartstore.naver.com/munhak210/products/10037055916,"- 《去唱卡拉OK吧！》《去家庭餐厅吧。上》读者评论大赛奖品 6/11/2024
- 和山山韩国签名会伴手礼 4/6/2024

尺寸： ‘猫猫恐慌：真棒~’ 硅藻泥杯垫  106*106mm 圆形"
073.jpg,,和山山韩国签名会伴手礼 眼镜布,眼镜布/眼镜盒,去家庭餐厅吧/去恰饭吧 （漫画）,冈聪实,聪实 萨莉亚 接饮料,Munhakdong 文鹤洞出版社,4/6/24,N/A 赠品,韩国,https://smartstore.naver.com/munhak210/products/10037055917,"- 《去唱卡拉OK吧！》《去家庭餐厅吧。上》读者评论大赛奖品 6/11/2024
- 和山山韩国签名会伴手礼 4/6/2024

尺寸： 180*150mm"
074.jpg,,和山山韩国签名会伴手礼 贴纸,贴纸,去家庭餐厅吧/去恰饭吧 （漫画）,"成田狂儿, 冈聪实",狂儿 递表,Munhakdong 文鹤洞出版社,4/6/24,N/A 赠品,韩国,https://smartstore.naver.com/munhak210/products/10037055918,"- 《去唱卡拉OK吧！》《去家庭餐厅吧。上》读者评论大赛奖品 6/11/2024
- 和山山韩国签名会伴手礼 4/6/2024

尺寸： （一套2种） 120*240mm/哑光"
075.jpg,,《去家庭餐厅吧。上》封面 亚克力挂件,亚克力挂件/钥匙环,去家庭餐厅吧/去恰饭吧 （漫画）,"成田狂儿, 冈聪实",聪实 狂儿 散散步吧,Munhakdong 文鹤洞出版社,4/12/24,N/A 赠品,韩国,https://stibee.com/api/v1.0/emails/share/tL2MTYKlq811FF-ZUmaP3U5vLW3Rs48,"- 《去唱卡拉OK吧！》《去家庭餐厅吧。上》读者评论大赛奖品 6/11/2024
- 对《去家庭餐厅吧。》下集的剧情走向猜想大赛奖品 4/12/2024"
076.jpg,,和山山亲笔签名书 韩文版《一起去家庭餐厅吧。上》,"书, 亲签",去家庭餐厅吧/去恰饭吧 （漫画）,"成田狂儿, 冈聪实",聪实 狂儿 散散步吧,Munhakdong 文鹤洞出版社,6/11/24,N/A 赠品,韩国,https://stibee.com/api/v1.0/emails/share/tL2MTYKlq811FF-ZUmaP3U5vLW3Rs48,- 《去唱卡拉OK吧！》《去家庭餐厅吧。上》读者评论大赛特等奖奖品 6/11/2024
077.jpg,ファミレス行こ。 上 アクリルスタンド付き特装版 (ビームコミックス),恰饭 日文 特装版 亚克力立牌,亚克力立牌/亚克力板,去家庭餐厅吧/去恰饭吧 （漫画）,"成田狂儿, 冈聪实",聪实 狂儿 中餐馆点单,,9/4/23,N/A 赠品,日本,https://x.com/YamaWayama_PR/status/1698716692212596944,日文版《去家庭餐厅吧。上》特装版 特典
078.jpg,,A6 复制原画,复制原画,"去唱卡拉OK吧 （漫画）, 去家庭餐厅吧/去恰饭吧 （漫画）, 为你着迷（漫画）","成田狂儿, 冈聪实, 二阶堂明, 目高优一",聪实 狂儿 确认背后抱,ダ・ヴィンチストア 达芬奇书店,11/12/25,N/A 赠品,日本,https://x.com/COMIC_BEAM/status/1987007168084943244,"Comic Beam 30周年纪念
线下达芬奇商店展览会确认举办！
凡购买一本Comics Beam漫画，即可获赠一套“三件套A6尺寸原作迷你复制画”（三款可选）！
A 篇
・一起去卡拉OK吧！
・解剖怪兽
・Evol
B 篇
・Lost in You.
・过度
・绿之歌 - 丰收之风 -
C 篇
・我们去家庭餐厅吧。
・疯狂山脉　洛夫克拉夫特杰作
・何时才能戳破煎蛋的蛋黄？
 活动时间
11/12（周三）～12/12（周五）
※活动时间、可领取漫画及领取方式可能会有所变更。
※赠品数量有限，送完即止。感谢您的理解。"
079.jpg,,为你着迷 特典,纸片子,为你着迷（漫画）,目高优一,,HMV&BOOKS,,,日本,,
080.jpg,,为你着迷 特典,纸片子,为你着迷（漫画）,二阶堂明,,ジュンク堂書店 淳久堂书店,,,日本,,
081.jpg,,为你着迷 特典,纸片子,为你着迷（漫画）,林美良,,カドスト Kadokawa 角川商店,,,日本,,
082.jpg,,繁中版《女校之星1》首刷限定版 特典 【班级日志】明信片套组 （一套3张）,纸片子,女校之星（漫画）,星老师,,,10/15/21,N/A 赠品,台湾,https://www.books.com.tw/products/0010902261?sloc=main,
083.jpg,,繁中版《女校之星2》首刷限定版 特典 四宫格 （一套2款：小林老师 & 星老师）,"纸片子, X宫格",女校之星（漫画）,"小林老师, 星老师",,,9/30/22,N/A 赠品,台湾,https://search.books.com.tw/redirect/move/key/%E5%92%8C%E5%B1%B1%E3%82%84%E3%81%BE/area/mid/item/0010935245/page/1/idx/20/cat/001/pdf/0/spell/3,
084.jpg,,繁中版《女校之星3》首刷限定版 特典 【老师的彩图录】相卡组（一套4张）,纸片子,女校之星（漫画）,"小林老师, 星老师","星老师 生日, 小林星 打扫卫生, 小林老师 红Polo",,9/4/23,N/A 赠品,台湾,https://www.books.com.tw/products/0010966167?sloc=main,相卡組4入 約10*15cm 紙質
085.jpg,,繁中版《女校之星4》首刷限定版 特典 烫金拍立得 （一套7张）,拍立得,女校之星（漫画）,"小林老师, 星老师, 中村老师","星老师 捧饭团, 小林老师 举排球, 中村老师",,10/2/25,N/A 赠品,台湾,https://www.books.com.tw/products/0011031724?sloc=main,
086.jpg,,繁中版《女校之星4》首刷限定版 随书附赠序号卡抽奖奖品 和山やま老師「複製簽名壓克力畫板」,亚克力立牌/亚克力板,女校之星（漫画）,"小林老师, 星老师, 中村老师",3个老师：星&小林&中村,,10/2/25,N/A 赠品,台湾,https://www.instagram.com/p/DPSwY1tk4IA/?img_index=1,"👓首刷限定版附錄 ☆抽獎序號卡
👓抽獎獎品是和山やま老師「複製簽名壓克力畫板」
☆抽獎參加方法：
首刷限定版或普通版均附序號卡一張，只要掃描序號卡上QR-Code進入表單，並於2025年10月31日午夜前填畢線上回函，即可參加抽獎（詳細規則請見表單）！
而獎品為限量製作的「複製簽名壓克力畫板」，快來參加回函活動吧！
"
087.jpg,,越南版 《去唱卡拉OK吧》随书附赠 人物书签 + 明信片*2,纸片子,去唱卡拉OK吧 （漫画）,"成田狂儿, 冈聪实","聪实 狂儿 TV对视, 聪实 狂儿 雨中撑伞",,,,越南,,
088.jpg,,简中版《去唱卡拉OK吧！》随书附赠,纸片子,去唱卡拉OK吧 （漫画）,"成田狂儿, 冈聪实",,,,,大陆,,
089.jpg,,简中版《为你着迷》随书附赠,纸片子,为你着迷（漫画）,二阶堂明,,,,,大陆,,
090.jpg,,越南版《为你着迷》随书附赠 明信片 + 人物书签*2,纸片子,为你着迷（漫画）,"二阶堂明, 目高优一",二阶堂 运动衣,,,,越南,,
091.jpg,,简中版《女校之星 1》随书附赠,纸片子,女校之星（漫画）,"小林老师, 星老师",小林星 放大镜,,,,大陆,,
092.jpg,,简中版《女校之星 2》随书附赠,"贴纸, 小卡, 纸片子",女校之星（漫画）,"小林老师, 星老师, 中村老师","星老师 锹甲虫幸运男孩, 星老师 生日, 女校之星 地铁, 中村老师",,,,大陆,,
093.jpg,,简中版《女校之星》茑屋 书店 活动 特典 杯套,杯套,女校之星（漫画）,"小林老师, 星老师",小林星 擦黑板,,,,大陆,,- ”老师好“ 《女校之星》茑屋线下特别活动   9/13/2025
094.jpg,,简中版《女校之星》茑屋 书店 活动 特典 老师好 透卡,透卡,女校之星（漫画）,"小林老师, 星老师, 中村老师",3个老师：星&小林&中村,,,,大陆,,- ”老师好“ 《女校之星》茑屋线下特别活动   9/13/2025
095.jpg,,越南版 《女校之星 1》首限 特典 贴纸,贴纸,女校之星（漫画）,"小林老师, 星老师",,,,,越南,,
096.jpg,,越南版《女校之星 3》随书附赠 明信片,纸片子,女校之星（漫画）,"小林老师, 星老师",小林星 打扫卫生,,,,越南,,
097.jpg,,越南版《女校之星 3》随书附赠 海报,纸片子,女校之星（漫画）,"小林老师, 星老师",女校之星 地铁,,,,越南,,
098.jpg,,日文版 《女校之星 2》发行 书店 特典,纸片子,女校之星（漫画）,小林老师,,アニメイト Animate A店,5/8/21,N/A 赠品,日本,,
099.jpg,,日文版 《女校之星 2》发行 Comirano企划 特典,纸片子,女校之星（漫画）,星老师,,,5/8/21,N/A 赠品,日本,,
100.jpg,,日文版 《女校之星 2》发行 书店 特典,纸片子,女校之星（漫画）,"小林老师, 星老师",,クとらのあな 虎穴 Toraoana,5/8/21,N/A 赠品,日本,,
101.jpg,,日文版 《女校之星 3》发行 书店 特典,纸片子,女校之星（漫画）,星老师,,アニメイト Animate A店,12/8/22,N/A 赠品,日本,,
102.jpg,,日文版 《女校之星 3》发行 Comirano企划 特典,贴纸,女校之星（漫画）,星老师,,,12/8/22,N/A 赠品,日本,,
103.jpg,,日文版 《女校之星 3》发行 各大书店 特典 ,纸片子,女校之星（漫画）,"小林老师, 星老师",,,12/8/22,N/A 赠品,日本,,
104.jpg,,日文版 《女校之星 3》发行 书店 特典,纸片子,女校之星（漫画）,,,ポータルTSUTAYA蔦屋書店,12/8/22,N/A 赠品,日本,,
105.jpg,,日文版 《女校之星 4》 首限 随书附赠 特典纸,纸片子,女校之星（漫画）,中村老师,,,10/8/24,N/A 赠品,日本,,
106.jpg,,韩文版《女校之星2》首刷特典 随书附赠 贴纸,贴纸,女校之星（漫画）,星老师,星老师 12宫格,,4/21/22,N/A 赠品,韩国,https://x.com/mundongcomics/status/1517332269220122625,
107.jpg,"〈가라오케 가자!〉〈빠졌어, 너에게〉 조각스티커 팩",《去唱卡拉OK吧》《为你着迷》贴纸包,贴纸,"去唱卡拉OK吧 （漫画）, 为你着迷（漫画）","成田狂儿, 冈聪实, 林美良, 二阶堂明, 目高优一","聪实 狂儿 TV对视, 聪实 蒙娜丽莎 , 狂儿 聪实纹身, 聪实 狂儿 “地狱可真热啊”",,9/17/25,N/A 赠品,韩国,https://www.aladin.co.kr/events/wevent.aspx?EventId=295409,"韩国阿拉丁书店为庆祝《去唱卡拉OK吧》和《为你着迷》动画版开播特别推出的满赠礼品：购买漫画类商品满 15,000 韩元或以上获赠贴纸一包"
108.jpg,,女校之星 三个老师（星、小林、中村）立牌韩国版,亚克力立牌/亚克力板,女校之星（漫画）,"小林老师, 星老师, 中村老师",3个老师：星&小林&中村,《女校之星4》发行,4/1/25,N/A 赠品,韩国,"나왔다 하면 화제, 바로 그 만화 봄과 함께 돌아온 <#여학교의별> 🌟 가장 새로운 이야기","韩国aladin book：凡购买漫画类商品（含单行本）满15,000韩元以上，即可获赠，先到先得"
109.jpg,,女校之星 三个老师（星、小林、中村）立牌日本版,亚克力立牌/亚克力板,女校之星（漫画）,"小林老师, 星老师, 中村老师",3个老师：星&小林&中村,《女校之星4》发行,,N/A 赠品,日本,https://x.com/munhakdongne/status/1907253408589124008,日文版《女校之星 4》特装版特典
110.jpg,,女校之星 三个老师（星、小林、中村）磁吸亚克力冰箱贴,亚克力磁吸（冰箱贴）,女校之星（漫画）,"小林老师, 星老师, 中村老师",3个老师：星&小林&中村,《女校之星4》发行,4/1/25,N/A 赠品,韩国,https://x.com/munhakdongne/status/1907253408589124009,"韩国Kyobo书店赠品
亚克力插画磁贴（磁铁附于亚克力板背面）
尺寸：4.0 x 4.0 厘米（厚 7 毫米）"
111.jpg,,女校之星 小林老师和星老师透明亚克力方形杯垫,杯垫（亚克力）,女校之星（漫画）,"小林老师, 星老师",小林星 夏威夷衫,《女校之星4》发行,4/1/25,N/A 赠品,韩国,https://x.com/munhakdongne/status/1907253408589124010,"韩国 예스24/Yes24书店赠品
亚克力方形透明杯垫
尺寸："
112.jpg,,女校之星 A3海报 共四款,海报,女校之星（漫画）,"小林老师, 星老师, 中村老师","小林星 夏威夷衫, 小林星 比心, 3个老师：星&小林&中村",《女校之星4》发行,4/1/25,N/A 赠品,韩国,https://x.com/munhakdongne/status/1907253408589124011,"韩国Comiczone:书店赠品
A3海报（共4款）"
113.jpg,,女校之星 A3海报 共3款,海报,女校之星（漫画）,"小林老师, 星老师","小林星 放大镜, 小林星 打扫卫生, 星老师 12宫格",,7/18/23,N/A 赠品,韩国,https://x.com/comiczone1/status/1681140224016150528,"韩国Comiczone: 书店赠品
A3海报（共3款）

赠品条件：购买活动书籍即可获赠海报一张（不适用折扣和积分）

※在 Comic Zone 线下门店，请在结账前表明参与活动的意愿方可领取赠品。

※活动地点：Comic Zone 新林店、Comic Zone 线上商城

※线上活动时间：7月18日 - 赠完为止

※线下门店活动时间：7月18日 - 赠完为止

※本商品预计将于7月18日到货线下门店。

※每购买一本活动书籍，即可获赠一张 Comic Zone 特别海报。"
114.jpg,紀伊國屋書店限定イラストカード,小林老师&星老师打扫卫生明信片,纸片子,女校之星（漫画）,"小林老师, 星老师",小林星 打扫卫生,《女校之星3》发行,12/8/22,N/A 赠品,日本,https://store.kinokuniya.co.jp/event/1667885773/,日本纪伊国书屋购入特典 尺寸：305mm*440mm
115.jpg,교보문고 단독 고바야시 & 호시 선생님 패브릭포스터,小林老师&星老师打扫卫生挂布,帆布挂画,女校之星（漫画）,"小林老师, 星老师",小林星 打扫卫生,《女校之星3》发行,5/14/23,N/A 赠品,韩国,https://x.com/kyobobookstory/status/1657937270736031744,韩国Kyobo书店赠品
116.jpg,특전 <호시선생님 멜라민 트레미> 증정,星老师塑料小盘子,收纳盘,女校之星（漫画）,星老师,,《女校之星3》发行,5/15/23,N/A 赠品,韩国,https://x.com/yes24_official/status/1657990287095128066,"韩国 예스24/Yes24书店购买《女校之星3》及其他漫画，总价超过20,000韩元，即可获得独家赠品。"
117.jpg,,小林老师&星老师马克杯,马克杯,女校之星（漫画）,"小林老师, 星老师",,《女校之星3》发行,,N/A 赠品,韩国,,韩国aladin book 阿拉丁书店提前预购赠品
118.jpg,,RidiBook 韩文版《女校之星1-4》电子版购买者 周边申请抽赏 小林老师&星老师亚克力立牌,亚克力立牌/亚克力板,女校之星（漫画）,"小林老师, 星老师",小林星 夏威夷衫,,4/3/25,N/A 赠品,韩国,https://x.com/vvvewww/status/1907603030918517006,"韩国 Ridibook《女校之星》周边申请活动
※申请周边前，请确保您已拥有全部《女子学园的星光》电子书（第1-4卷）！
*我们将从所有申请者中随机抽取10名幸运儿赠送亚克力立牌和1000名幸运儿赠送任意一张小卡。中奖者将于4月23日（周三）下午6点左右收到通知。
*周边预计将于5月陆续寄出。
*详情请参阅活动页面。
https://ridibooks.com/event/80526
① 申请周边；② 完成付款并下载全部《女子学园的星光》电子书（第1-4卷）即可成功申请。
- 小卡将随机发放，共五种，不可选择或更换。
2025年4月3日凌晨00:56至2025年4月17日凌晨00:00"
119.jpg,,RidiBook 韩文版《女校之星1-4》电子版购买者 周边申请抽赏 小卡 （一共6种）,"纸片子, 小卡",女校之星（漫画）,"小林老师, 星老师","小林星 比心, 奶茶/节子, 小林老师 举排球",,4/3/25,N/A 赠品,韩国,https://x.com/vvvewww/status/1907603030918517006,"韩国 Ridibook《女校之星》周边申请活动
※申请周边前，请确保您已拥有全部《女子学园的星光》电子书（第1-4卷）！
*我们将从所有申请者中随机抽取10名幸运儿赠送亚克力立牌和1000名幸运儿赠送任意一张小卡。中奖者将于4月23日（周三）下午6点左右收到通知。
*周边预计将于5月陆续寄出。
*详情请参阅活动页面。
https://ridibooks.com/event/80526
① 申请周边；② 完成付款并下载全部《女子学园的星光》电子书（第1-4卷）即可成功申请。
- 小卡将随机发放，共五种，不可选择或更换。
2025年4月3日凌晨00:56至2025年4月17日凌晨00:00"
120.jpg,"『빠졌어, 너에게』10쇄 한정 부록 : 메다카&니카이도 학생증 2종",目高优一 二阶堂明 双面学生证,"纸片子, 小卡",为你着迷（漫画）,"二阶堂明, 目高优一",,《为你着迷》印刷第10版纪念,5/15/23,N/A 赠品,韩国,https://x.com/yes24_official/status/1657990287095128067,韩国《为你着迷》第十刷纪念随书特典
121.jpg,초판 한정 부록 : 컬러 일러스트 포토카드 3종 세트 (도서 내 동봉),韩文版《女校之星3》首刷随书附赠小卡(共3张）,"纸片子, 小卡",女校之星（漫画）,"小林老师, 星老师",小林星 西装,《女校之星3》发行,5/14/23,N/A 赠品,韩国,https://x.com/kyobobookstory/status/1657937270736031744,
122.jpg,,女校1 韩文 二刷 抽奖赠品 小林星 亚克力 钥匙扣 挂件,亚克力挂件/钥匙环,女校之星（漫画）,"小林老师, 星老师",小林星 放大镜,,1/25/22,N/A 赠品,韩国,https://x.com/mundongcomics/status/1486141258745921537?s=20,"韩国MundongComics推特账号抽奖

为庆祝韩文版《女校之星1》的二刷，特举办抽奖活动：猜猜小林老师和星老师的昵称！

◆公布ㅣ将于2月7日（周一）抽出20名幸运儿 *私信通知

◆参与方式ㅣ转发一条语录或上传一条帖子

◆需添加话题标签ㅣ #GirlsSchoolStar #TeacherHoshi #TeacherKobayashi"
123.jpg,,小林老师生日特典：杯套,杯套,女校之星（漫画）,小林老师,小林老师 举粉笔,,6/25/22,N/A 赠品,韩国,https://x.com/mundongcomics/status/1539868047351001089,"韩国MundongComics为庆祝小林庆二老师6.30的生日，特别举办：
*在指定咖啡店，购买饮品即可获得小林老师杯套一个。
📌本次活动将于6月25日（周六）开始，但开放时间可能会略有变动，请在到访前确认。"
124.jpg,,小林老师生日特典：双面小卡,"纸片子, 小卡",女校之星（漫画）,小林老师,,,6/25/22,N/A 赠品,韩国,https://x.com/mundongcomics/status/1539868047351001090,"韩国MundongComics为庆祝小林庆二老师6.30的生日，特别举办：
*在指定书店，购买《女校之星》系列图书即可获赠小林老师双面照片卡。（每人每次限购2本）
📌本次活动将于6月25日（周六）开始，但开放时间可能会略有变动，请在到访前确认。

07/05/2022，小卡加印，作为线上书店购书赠品。"
125.jpg,,韩国5.15教师节 《女校之星》Cafe 买书特典 小卡（一套三张） ,"纸片子, 小卡",女校之星（漫画）,"小林老师, 星老师, 中村老师",,,5/14/24,N/A 赠品,韩国,https://x.com/munhakdongne/status/1921784559491858568,"韩国5.15教师节特别活动：《女校之星》Cafe

活动二

在咖啡厅购买一本或多本《女校之星》第1-4卷，即可获赠三张小卡。数量有限。"
126.jpg,,韩国5.15教师节 《女校之星》Cafe 杯套 ,杯套,女校之星（漫画）,"小林老师, 星老师, 中村老师","中村老师, 3个老师：星&小林&中村",,5/14/24,N/A 赠品,韩国,https://x.com/munhakdongne/status/1921784559491858569,"韩国5.15教师节特别活动：《女校之星》Cafe

活动三

每购买一瓶饮料，获赠“女校之星”杯套一个。

"
127.jpg,,韩国5.15教师节 《女校之星》买书特典 束口袋 ,收纳袋,女校之星（漫画）,,,,5/14/24,N/A 赠品,韩国,https://x.com/munhakdongne/status/1921784559491858569,
128.jpg,,韩国5.15教师节 《女校之星》Cafe 感谢卡 ,纸片子,女校之星（漫画）,,,,5/14/24,N/A 赠品,韩国,https://x.com/munhakdongne/status/1921784559491858570,"韩国5.15教师节特别活动：《女校之星》Cafe

活动四

“谢谢老师” 表达你的感激之情， 给星老师、小林老师和中村老师写感谢卡。

"
129.jpg,,韩国5.15教师节 《女校之星》Cafe 特典纸 ,纸片子,女校之星（漫画）,,女校之星 古川&鸟井,,5/14/24,N/A 抽奖赠品,韩国,https://x.com/munhakdongne/status/1921784559491858572,"韩国5.15教师节特别活动：《女校之星》Cafe

活动一

所有到访咖啡厅的顾客都将免费获赠一张印有作者山山和山亲笔签名的明信片。"
130.jpg,『가라오케 가자!』+블랙기업 야쿠자 명합 & 탑로더 세트,韩国版 《去唱卡拉OK吧！》随书附赠 成田狂儿 双面名片,名片/名片夹,去唱卡拉OK吧 （漫画）,成田狂儿,,,,N/A 赠品,韩国,,
131.jpg,,韩国版 《去唱卡拉OK吧！》书店特典 纹身贴,贴纸,去唱卡拉OK吧 （漫画）,"成田狂儿, 冈聪实","狂儿 聪实纹身, 聪实 狂儿 TV对视",,,N/A 赠品,韩国,,
132.jpg,"カラオケ⾏こ！
Blu-ray BOX",,DVD/蓝光碟,去唱卡拉OK吧（动画）,"成田狂儿, 冈聪实",,,12/24/25,"16,500",日本,,"首刷限定版内容：
①蓝光光碟（全5话）
② 和山山原画复制色纸：成田狂儿
③ 优先活动门票申请表
【日期】2026年2月8日（星期日）
【地点】海老名市文化中心本厅
【演出阵容】
《去唱卡拉OK吧！》动画版配音 堀江瞬（饰 冈聪实）、小野大辅（饰 成田狂儿）
*日期和演出阵容如有变更，恕不另行通知。
*具体演出时间等详情，将另行公布。
④ 原版贴纸
⑤ 特制小册子"
133.jpg,"カラオケ⾏こ！
DVD BOX",,DVD/蓝光碟,去唱卡拉OK吧（动画）,"成田狂儿, 冈聪实",,,12/24/25,"14,300",日本,,"首刷限定版内容：
①DVD光碟（全5话）
② 和山山原画复制色纸：成田狂儿
③ 优先活动门票申请表
【日期】2026年2月8日（星期日）
【地点】海老名市文化中心本厅
【演出阵容】
《去唱卡拉OK吧！》动画版配音 堀江瞬（饰 冈聪实）、小野大辅（饰 成田狂儿）
*日期和演出阵容如有变更，恕不另行通知。
*具体演出时间等详情，将另行公布。
④ 原版贴纸
⑤ 特制小册子"
134.jpg,"夢中さ、きみに。
Blu-ray BOX",,DVD/蓝光碟,为你着迷（动画）,"二阶堂明, 目高优一, 林美良, 江间让二",,,12/24/25,"16,500",日本,,"首刷限定版内容：
①蓝光光碟（全5话）
② 和山山原画复制色纸：林美良&江间让二&二阶堂明&目高优一
③ 优先活动门票申请表
【日期】2026年2月8日（星期日）
【地点】海老名市文化中心本厅
【演出阵容】
《为你着迷》动画版配音 小野贤章（饰 林美良）、内山昂辉（饰 江间让二）、冈本信彦（饰 二阶堂明）、小野友树（饰 目高优一）
*日期和演出阵容如有变更，恕不另行通知。
*具体演出时间等详情，将另行公布。
④ 原版贴纸
⑤ 特制小册子"
135.jpg,"夢中さ、きみに。
DVD BOX",,DVD/蓝光碟,为你着迷（动画）,"二阶堂明, 目高优一, 林美良, 江间让二",,,12/24/25,"14,300",日本,,"首刷限定版内容：
①DVD光碟（全5话）
② 和山山原画复制色纸：林美良&江间让二&二阶堂明&目高优一
③ 优先活动门票申请表
【日期】2026年2月8日（星期日）
【地点】海老名市文化中心本厅
【演出阵容】
《为你着迷》动画版配音 小野贤章（饰 林美良）、内山昂辉（饰 江间让二）、冈本信彦（饰 二阶堂明）、小野友树（饰 目高优一）
*日期和演出阵容如有变更，恕不另行通知。
*具体演出时间等详情，将另行公布。
④ 原版贴纸
⑤ 特制小册子"
136.jpg,『カラオケ行こ！』原作・和山やま描き下ろし複製色紙,《去唱卡拉OK吧》动画版蓝光碟&DVD盒装首刷特典 - 和山山复制原画 - 成田狂儿,色纸,"去唱卡拉OK吧（动画）, 去唱卡拉OK吧 （漫画）",成田狂儿,,,12/24/25,N/A 赠品,日本,,《去唱卡拉OK吧》BD＆DVD BOX 首刷特典 和山山原作复制色纸
137.jpg,『夢中さ、きみに。』原作・和山やま描き下ろし複製色紙,《为你着迷》动画版蓝光碟&DVD盒装首刷特典 - 和山山复制原画 - 江间让二&林美良&目高优一&二阶堂明,色纸,"为你着迷（动画）, 为你着迷（漫画）","二阶堂明, 目高优一, 林美良, 江间让二",,,12/24/25,N/A 赠品,日本,,《为你着迷》BD＆DVD BOX 首刷特典 和山山原作复制色纸
138.jpg,,《为你着迷》原装笔记本,笔记本,为你着迷（动画）,"二阶堂明, 目高优一, 林美良, 江间让二",,アニメイト Animate A店,8/14/25,N/A 赠品,日本,https://karaoke-muchusa.com/muchusa/news.html#news-250814-2,"如果您在 Animate 预购《为你着迷》蓝光和 DVD 套装，即可获得一本原版笔记本（先到先得）！
【活动时间】2025年8月14日（星期四）上午10:00起 *送完即止 【特典发放日期】2025年12月24日（星期三）起，与《为你疯狂》蓝光&DVD套装同时发放 【目标商品】《为你着迷》蓝光&DVD套装 ([BD] ZMAZ-18231 / [DVD] ZMSZ-18241) 【目标店铺】所有Animate店铺（包括邮购） 【赠品】原创笔记本 *商品规格如有变更，恕不另行通知。 *特典数量有限，送完即止。敬请留意。"
139.jpg,,《去唱卡拉OK吧！》杯垫+封套,杯垫（亚克力）,去唱卡拉OK吧（动画）,"成田狂儿, 冈聪实",,アニメイト Animate A店,8/14/25,N/A 赠品,日本,https://karaoke-muchusa.com/karaoke/news.html,"如果您在 Animate 预购《去唱卡拉OK吧！》蓝光和 DVD 套装，您将获得“唱片风格的杯垫，附带原装封套”，先到先得！
【活动时间】2025年8月14日（星期四）上午10:00起 *售完即止 【特典发放日期】2025年12月24日（星期三）起，与《去唱卡拉OK吧！》蓝光&DVD套装同时发放 【目标商品】《去唱卡拉OK吧！》蓝光&DVD套装（[BD] ZMAZ-18201 / [DVD] ZMSZ-18211） 【目标店铺】所有Animate店铺（包括邮购） 【赠品】唱片造型杯垫（含原版封套） *商品规格如有变更，恕不另行通知。 *特典数量有限，送完即止。敬请留意。"
140.jpg,,《去唱卡拉OK吧！》原画贴纸套装,贴纸,去唱卡拉OK吧（动画）,"成田狂儿, 冈聪实",,カドスト Kadokawa 角川商店,8/14/25,N/A 赠品,日本,https://karaoke-muchusa.com/karaoke/news.html,"如果您在 角川商店预购动画《去唱卡拉OK吧！》蓝光&DVD盒装版，即可在发售日当天按先到先得的方式获得“原画贴纸套装”！
【活动期间】2025年8月14日（星期四）上午10:00起 *赠品送完即止 【赠品发货日期】2025年12月24日（星期三）起，与蓝光&DVD套装同时发货 【目标商品】去唱卡拉OK吧！蓝光&DVD套装（[BD] ZMAZ-18201 / [DVD] ZMSZ-18211） 【赠品】去唱卡拉OK吧！”原创场景贴纸套装 【目标商店】角川商店
https://store.kadokawa.co.jp/shop/e/ekanm0090/"
141.jpg,,《为你着迷》原画贴纸套装,贴纸,为你着迷（动画）,"二阶堂明, 目高优一, 林美良, 江间让二",,カドスト Kadokawa 角川商店,8/14/25,N/A 赠品,日本,https://karaoke-muchusa.com/muchusa/news.html,"如果您在 角川商店预购动画《为你着迷》蓝光&DVD盒装版，即可在发售日当天按先到先得的方式获得“原画贴纸套装”！
【活动期间】2025年8月14日（星期四）上午10:00起 *赠品送完即止 【赠品发货日期】2025年12月24日（星期三）起，与蓝光&DVD套装同时发货 【目标商品】《为你着迷》蓝光&DVD套装（[BD] ZMAZ-18201 / [DVD] ZMSZ-18211） 【赠品】《为你着迷》原创场景贴纸套装 【目标商店】角川商店
https://store.kadokawa.co.jp/shop/e/ekanm0090/"
142.jpg,,《去唱卡拉OK吧！》成田狂儿 & 冈聪实 亚克力板 + 徽章*2,"亚克力立牌/亚克力板, 徽章/吧唧",去唱卡拉OK吧（动画）,"成田狂儿, 冈聪实",,カドスト Kadokawa 角川商店,12/24/25,N/A 赠品,日本,https://karaoke-muchusa.com/karaoke/bddvd.html#BD2,《去唱卡拉OK吧！》动画版盒装DVD/蓝光碟 角川 购入 特典
143.jpg,,《为你着迷》目高优一 & 二阶堂明 亚克力板 + 徽章*2,"亚克力立牌/亚克力板, 徽章/吧唧",为你着迷（动画）,"二阶堂明, 目高优一",,カドスト Kadokawa 角川商店,12/24/25,N/A 赠品,日本,https://karaoke-muchusa.com/karaoke/bddvd.html#BD2,《为你着迷》动画版盒装DVD/蓝光碟 角川 购入 特典
144.jpg,,《去唱卡拉OK吧！》成田狂儿 & 冈聪实 人物画板+明信片,纸片子,去唱卡拉OK吧（动画）,"成田狂儿, 冈聪实","聪实 吃炒饭, 狂儿 唱红",Amazon.co.jp 亚马逊日本,12/24/25,N/A 赠品,日本,https://karaoke-muchusa.com/karaoke/bddvd.html#BD2,《去唱卡拉OK吧！》/《为你着迷》 动画版盒装DVD/蓝光碟 亚马逊 购入 特典
145.jpg,,《去唱卡拉OK吧！》成田狂儿 & 冈聪实 一套 3 个亚克力钥匙扣和迷你照片,"亚克力挂件/钥匙环, 纸片子",去唱卡拉OK吧（动画）,"成田狂儿, 冈聪实",,アニメイト Animate A店,12/24/25,N/A 赠品,日本,https://karaoke-muchusa.com/karaoke/bddvd.html#BD2,《去唱卡拉OK吧！》动画版盒装DVD/蓝光碟 A店 购入 特典
146.jpg,,《为你着迷》林美良 & 目高优一 一套 3 个亚克力钥匙扣和迷你照片,"亚克力挂件/钥匙环, 纸片子",为你着迷（动画）,"林美良, 江间让二",,アニメイト Animate A店,12/24/25,N/A 赠品,日本,https://karaoke-muchusa.com/karaoke/bddvd.html#BD2,《为你着迷》动画版盒装DVD/蓝光碟 A店 购入 特典
147.jpg,,《去唱卡拉OK吧！》成田狂儿 & 冈聪实 《为你着迷》林美良 & 目高优一 收纳盒,收纳盒,"去唱卡拉OK吧（动画）, 为你着迷（动画）","成田狂儿, 冈聪实, 林美良, 江间让二",,アニメイト Animate A店,12/24/25,N/A 赠品,日本,https://karaoke-muchusa.com/karaoke/bddvd.html#BD2,《去唱卡拉OK吧！》/《为你着迷》 动画版盒装DVD/蓝光碟 A店 购入 特典
148.jpg,,《为你着迷》林美良 & 目高优一 A5 人物精美图画和亚克力钥匙扣,"亚克力挂件/钥匙环, 纸片子",为你着迷（动画）,"林美良, 江间让二",,楽天ブックス Rakuten 乐天,12/24/25,N/A 赠品,日本,https://karaoke-muchusa.com/karaoke/bddvd.html#BD2,《去唱卡拉OK吧！》/《为你着迷》 动画版盒装DVD/蓝光碟 乐天 购入 特典
149.jpg,,《去唱卡拉OK吧！》成田狂儿 & 冈聪实 迷你透明收纳袋套装,"包包, 收纳袋",去唱卡拉OK吧（动画）,"成田狂儿, 冈聪实",,"アニメイト Animate A店, カドスト Kadokawa 角川商店",12/24/25,N/A 赠品,日本,https://karaoke-muchusa.com/karaoke/bddvd.html#BD2,"《去唱卡拉OK吧！》&《为你着迷》 动画版盒装DVD/蓝光碟 A店 & 角川 同时购入特典
为庆祝TV动画《一起去卡拉OK吧！》和《我为你疯狂》蓝光/DVD套装发售，特此举办同步购买活动！活动期间，凡在指定店铺购买《一起去卡拉OK吧！》蓝光/DVD套装和《我为你疯狂》蓝光/DVD套装各一份的顾客，即可在发售日当天获赠“印有动画原画的迷你透明收纳袋套装”，先到先得！数量有限，欲购从速！
【参与店铺】
・Kadosuto・Amazon.co.jp
*仅限商品描述中带有“【Amazon.co.jp限定版】（厂商特典：印有原创动画插图的迷你透明收纳袋套装）”字样的商品参与活动。
・所有Animate商店（包括邮购）・Sofmap（仅销售视频软件的商店，包括dotcom）/Animega（部分Animega商店除外）・HMV（包括线上商店）・Neo Wing・AmiAmi・Seven Net Shopping・Rakuten Books
*仅限商品描述中带有“【Rakuten Books限定同步购买特典+同步购买特典】”字样的商品参与活动。"
150.jpg,,《为你着迷》林美良 & 目高优一 迷你透明收纳袋套装,"包包, 收纳袋",为你着迷（动画）,"林美良, 江间让二",,"アニメイト Animate A店, カドスト Kadokawa 角川商店",12/24/25,N/A 赠品,日本,https://karaoke-muchusa.com/karaoke/bddvd.html#BD2,"《去唱卡拉OK吧！》&《为你着迷》 动画版盒装DVD/蓝光碟 A店 & 角川 同时购入特典
为庆祝TV动画《一起去卡拉OK吧！》和《我为你疯狂》蓝光/DVD套装发售，特此举办同步购买活动！活动期间，凡在指定店铺购买《一起去卡拉OK吧！》蓝光/DVD套装和《我为你疯狂》蓝光/DVD套装各一份的顾客，即可在发售日当天获赠“印有动画原画的迷你透明收纳袋套装”，先到先得！数量有限，欲购从速！
【参与店铺】
・Kadosuto・Amazon.co.jp
*仅限商品描述中带有“【Amazon.co.jp限定版】（厂商特典：印有原创动画插图的迷你透明收纳袋套装）”字样的商品参与活动。
・所有Animate商店（包括邮购）・Sofmap（仅销售视频软件的商店，包括dotcom）/Animega（部分Animega商店除外）・HMV（包括线上商店）・Neo Wing・AmiAmi・Seven Net Shopping・Rakuten Books
*仅限商品描述中带有“【Rakuten Books限定同步购买特典+同步购买特典】”字样的商品参与活动。"
151.jpg,,《去唱卡拉OK吧！》配音声优签名剧本 第1版,签名剧本,去唱卡拉OK吧（动画）,"成田狂儿, 冈聪实",,"アニメイト Animate A店, カドスト Kadokawa 角川商店",7/30/25,N/A 赠品,日本,https://karaoke-muchusa.com/karaoke/bddvd.html#BD2,"- 在以下列出的角川&A店的参与商店预订或购买动画《去唱卡拉OK吧！》蓝光&DVD套装的顾客，将有机会参加抽奖，赢取由声优签名的剧本。12/24/2025
- 每周活动！《去唱卡拉OK吧！》声优签名剧本赠送活动 第1弹 7/30/2025"
152.jpg,,《去唱卡拉OK吧！》配音声优签名剧本 第2版,签名剧本,去唱卡拉OK吧（动画）,"成田狂儿, 冈聪实",,,8/6/25,,日本,https://karaoke-muchusa.com/karaoke/special.html,- 每周活动！《去唱卡拉OK吧！》声优签名剧本赠送活动 第2弹   8/6/2025
153.jpg,,《去唱卡拉OK吧！》配音声优签名剧本 第3版,签名剧本,去唱卡拉OK吧（动画）,"成田狂儿, 冈聪实",,,8/13/25,,日本,https://karaoke-muchusa.com/karaoke/special.html,- 每周活动！《去唱卡拉OK吧！》声优签名剧本赠送活动 第3弹   8/13/2025
154.jpg,,《去唱卡拉OK吧！》配音声优签名剧本 第4版,签名剧本,去唱卡拉OK吧（动画）,"成田狂儿, 冈聪实",,,8/20/25,,日本,https://karaoke-muchusa.com/karaoke/special.html,- 每周活动！《去唱卡拉OK吧！》声优签名剧本赠送活动 第4弹   8/20/2025
155.jpg,,《去唱卡拉OK吧！》配音声优签名剧本 第5版,签名剧本,去唱卡拉OK吧（动画）,"成田狂儿, 冈聪实",,,10/1/25,,日本,https://karaoke-muchusa.com/karaoke/special.html,- 每周活动！《去唱卡拉OK吧！》声优签名剧本赠送活动 第5弹   10/1/2025
156.jpg,,《为你着迷》配音声优签名剧本 第1版,签名剧本,为你着迷（动画）,"林美良, 江间让二",,,8/27/25,N/A 抽赏赠品,日本,https://karaoke-muchusa.com/muchusa/special.html,- 每周活动！《为你着迷》声优签名剧本赠送活动 第1弹  8/27/2025
157.jpg,,《为你着迷》配音声优签名剧本 第2版,签名剧本,为你着迷（动画）,"林美良, 江间让二",,,9/3/25,N/A 抽赏赠品,日本,https://karaoke-muchusa.com/muchusa/special.html,- 每周活动！《为你着迷》声优签名剧本赠送活动 第2弹  8/27/20259/3/2025
158.jpg,,《为你着迷》配音声优签名剧本 第3版,签名剧本,为你着迷（动画）,"林美良, 江间让二",,,9/10/25,N/A 抽赏赠品,日本,https://karaoke-muchusa.com/muchusa/special.html,- 每周活动！《为你着迷》声优签名剧本赠送活动 第3弹  8/27/20259/10/2025
159.jpg,,《为你着迷》配音声优签名剧本 第4版,签名剧本,为你着迷（动画）,"二阶堂明, 目高优一",,,9/17/25,N/A 抽赏赠品,日本,https://karaoke-muchusa.com/muchusa/special.html,- 每周活动！《为你着迷》声优签名剧本赠送活动 第4弹  8/27/20259/17/2025
160.jpg,,《为你着迷》配音声优签名剧本 第5版,签名剧本,为你着迷（动画）,"二阶堂明, 目高优一",,,9/24/25,N/A 抽赏赠品,日本,https://karaoke-muchusa.com/muchusa/special.html,- 每周活动！《为你着迷》声优签名剧本赠送活动 第5弹  8/27/20259/24/2025
161.jpg,,亚克力双层立牌 ,亚克力立牌/亚克力板,去唱卡拉OK吧（动画）,"成田狂儿, 冈聪实",聪实 狂儿 KTV 俯拍,PASH! 编辑部,10/16/25,3000,日本,https://x.com/magazine_pash/status/1978746463262744749,"PASH！2025年10月刊：可填写申请单订购原创双面亚克力立牌，价格3000日元。
🎤“一起卡拉OK！”原创亚克力立牌🎤
申请截止日期为10月20日星期一
插画采用双层设计，营造出独特的立体感。
千万不要错过这个机会！"
162.jpg,,海报,海报,去唱卡拉OK吧（动画）,"成田狂儿, 冈聪实",聪实 狂儿 KTV 俯拍,PASH! 编辑部,9/10/25,N/A 赠品,日本,https://pashstore.base.shop/items/122940133,"双面海报：《去唱卡拉OK吧》+《光死去的夏天》
尺寸：A1"
163.jpg,,A店特典 明信片,纸片子,去唱卡拉OK吧（动画）,"成田狂儿, 冈聪实",聪实 狂儿 KTV 俯拍,アニメイト Animate A店,9/3/25,N/A 赠品,日本,https://x.com/goods_info_01/status/1963174257787351049,"Animate实体店及Animate线上商城特惠
在Animate购物即可获赠“Karaoke Ikou!”明信片一张！（数量有限，送完即止）"
164.jpg,,熊猫头宣传卡,纸片子,为你着迷（动画）,"林美良, 江间让二",林美良 熊猫头,カドスト Kadokawa 角川商店,9/19/25,N/A 赠品,日本,https://x.com/karaokemuchusa/status/1969215684874833980,- A店东京池袋《为你着迷》熊猫贺卡免费发放 8/17/2025
165.jpg,,话筒造型明信片,纸片子,去唱卡拉OK吧（动画）,"成田狂儿, 冈聪实",,,11/9/24,N/A 赠品,日本,https://x.com/karaokemuchusa/status/1852297031370645984,- Animate Girl Festival 2024 《去唱卡拉OK吧！》《为你着迷》明信片派发 11/9/2024
166.jpg,,明信片,纸片子,为你着迷（动画）,"二阶堂明, 林美良",,,11/9/24,N/A 赠品,日本,https://x.com/karaokemuchusa/status/1852297031370645984,- Animate Girl Festival 2024 《去唱卡拉OK吧！》《为你着迷》明信片派发 11/9/2024
167.jpg,,宣传明信片,纸片子,"去唱卡拉OK吧（动画）, 为你着迷（动画）","成田狂儿, 冈聪实",,,3/22/25,N/A 赠品,日本,https://karaoke-muchusa.com/muchusa/news.html,"- Anime Japan 2025 & A店 《去唱卡拉OK吧！》《为你着迷》明信片派发

尺寸：258*183mm"
168.jpg,,场面写相卡套装（一套6张）,纸片子,"去唱卡拉OK吧（动画）, 为你着迷（动画）","二阶堂明, 目高优一, 林美良, 江间让二",,アニメイト Animate A店,11/15/25,N/A 赠品,日本,https://x.com/karaokemuchusa/status/1978658406266286282,- 《去唱卡拉OK吧》《为你着迷》动画版 蓝光DVD套装发售纪念座谈会 11/15/2025
169.jpg,,A店 冈聪实封面 会员卡,线上：会员卡,去唱卡拉OK吧 （漫画）,冈聪实,聪实 狂儿 咲茶店对视,,4/1/25,N/A 赠品,日本,https://nijimen.kusuguru.co.jp/topics/546524,- A店 2025年 成田狂儿 5.5 & 冈聪实 4.1 生日庆典 4/1/2025
170.jpg,,A店 成田狂儿 会员卡,线上：会员卡,去唱卡拉OK吧 （漫画）,成田狂儿,聪实 狂儿 咲茶店对视,,4/1/25,N/A 赠品,日本,https://nijimen.kusuguru.co.jp/topics/546524,- A店 2025年 成田狂儿 5.5 & 冈聪实 4.1 生日庆典 4/1/2025
171.jpg,バースデーカード 成田狂児 3種,成田狂儿 2024 生日B6 明信片 (共3种）,纸片子,去唱卡拉OK吧 （漫画）,成田狂儿,"聪实 狂儿 咲茶店对视, 聪实 狂儿 中餐馆点单, 狂儿 吃巴菲",,4/1/25,N/A 赠品,日本,https://nijimen.kusuguru.co.jp/topics/546524,"- A店 2025年 成田狂儿 5.5 & 冈聪实 4.1 生日庆典 4/1/2025

- 尺寸：130*183mm"
172.jpg,バースデーカード 岡聡実 3種,冈聪实 2024 生日B6 明信片（共3种）,纸片子,去唱卡拉OK吧 （漫画）,冈聪实,"聪实 狂儿 咲茶店对视, 聪实 狂儿 中餐馆点单, 聪实 萨莉亚 接饮料",,4/1/25,N/A 赠品,日本,https://nijimen.kusuguru.co.jp/topics/546524,"- A店 2025年 成田狂儿 5.5 & 冈聪实 4.1 生日庆典 4/1/2025

- 尺寸：130*183mm"
173.jpg,『カラオケ行こ！』誕生日アルバム風チラシ,《一起去唱卡拉OK吧！》专辑风格生日宣传单,纸片子,"去唱卡拉OK吧 （漫画）, 去家庭餐厅吧/去恰饭吧 （漫画）","成田狂儿, 冈聪实",聪实 狂儿 雨中撑伞,,4/1/25,N/A 赠品,日本,https://x.com/animateniigata/status/1909194014403998090,"- A店 2025年 成田狂儿 5.5 & 冈聪实 4.1 生日庆典 4/1/2025

尺寸：150*210mm"
174.jpg,,成田狂儿 & 冈聪实 文件夹,文件夹,去唱卡拉OK吧（动画）,"成田狂儿, 冈聪实",,,9/1/25,N/A 赠品,日本,,アニメディア 2025年9月刊 特典
175.jpg,,成田狂儿 & 冈聪实 明信片,纸片子,去唱卡拉OK吧（动画）,"成田狂儿, 冈聪实",,,9/1/25,N/A 赠品,日本,,アニメディア 2025年9月刊 特典
176.jpg,,成田狂儿 & 冈聪实 自裁剪相纸,纸片子,去唱卡拉OK吧（动画）,"成田狂儿, 冈聪实",,,9/1/25,N/A 赠品,日本,,アニメディア 2025年9月刊 特典
177.jpg,,成田狂儿 & 冈聪实 海报,海报,去唱卡拉OK吧（动画）,"成田狂儿, 冈聪实",聪实 狂儿 橘子树,,7/30/25,N/A 赠品,日本,,"spoon.2Di vol.124 特典
尺寸：A2"
178.jpg,,成田狂儿 & 冈聪实  亚克力立牌,亚克力立牌/亚克力板,去唱卡拉OK吧（动画）,"成田狂儿, 冈聪实",聪实 狂儿 橘子树,,7/30/25,3300,日本,,spoon.2Di vol.124 读者申请预购亚克力立牌
179.jpg,,成田狂儿 & 冈聪实 海报,海报,去唱卡拉OK吧（动画）,"成田狂儿, 冈聪实",丰田世纪,,9/1/25,N/A 赠品,日本,,"Animage(アニメージュ) 特典
尺寸：A3"
180.jpg,,成田狂儿 & 冈聪实 亚克力立牌,亚克力立牌/亚克力板,去唱卡拉OK吧（动画）,"成田狂儿, 冈聪实",丰田世纪,,8/7/25,2200,日本,https://www.tokuma-shop.com/SHOP/TSANI236.html,"2025年9月刊《Animage》读者申请预购亚克力立牌

柄图出自2025年9月刊《Animage》杂志封面，预计12月下旬2025发货。
<产品内容>
手办 约145mm x 105mm
底座 约102mm x 32mm
"
181.jpg,カラオケ行こ! 公式ビジュアルガイド ,《去唱卡拉OK吧！》动画 公式书,书,去唱卡拉OK吧（动画）,"成田狂儿, 冈聪实",,コミックビーム編集部コミックビーム Comic Beam,12/12/25,2640,日本,https://www.amazon.co.jp/%E3%82%AB%E3%83%A9%E3%82%AA%E3%82%B1%E8%A1%8C%E3%81%93-%E5%85%AC%E5%BC%8F%E3%83%93%E3%82%B8%E3%83%A5%E3%82%A2%E3%83%AB%E3%82%AC%E3%82%A4%E3%83%89-%E3%82%B3%E3%83%9F%E3%83%83%E3%82%AF%E3%83%93%E3%83%BC%E3%83%A0%E7%B7%A8%E9%9B%86%E9%83%A8/dp/4047385522/ref=books_/hz/dp/data_desktop_mfs_organic_multientitysimsww_2?_encoding=UTF8&pd_rd_w=UWtFQ&content-id=amzn1.sym.7e670a1b-9fca-4006-b441-31195b5c4154&pf_rd_p=7e670a1b-9fca-4006-b441-31195b5c4154&pf_rd_r=ZTWKYHD6FDBSQAEQX8YD&pd_rd_wg=2918N&pd_rd_r=d5f53945-6d1a-41b8-adad-3e0272d206ce,"走进TV动画《一起去卡拉OK吧！》的幕后！
一位初中三年级男生和一位黑道成员，一段因卡拉OK而结下的奇妙友谊。
《一起去卡拉OK吧！》动画官方视觉指南现已推出！
● 收录大量精心绘制的角色设定图，细节之处尽显匠心！
● 精选美术设定图、画板、道具设定图、原画等等！
● 收录堀江瞬（冈里美声优）和小野大辅（成田恭司声优）的对话及个人访谈，以及全新拍摄的写真照片！
● 收录原作作者和山山先生的特别评论！
● 收录导演中谷麻美及其他工作人员的特别访谈！"
182.jpg,夢中さ、きみに。 公式ビジュアルガイド,《为你着迷》动画 公式书,书,为你着迷（动画）,"二阶堂明, 林美良",,コミックビーム編集部コミックビーム Comic Beam,12/12/25,2640,日本,https://www.amazon.co.jp/-/en/%E5%A4%A2%E4%B8%AD%E3%81%95%E3%80%81%E3%81%8D%E3%81%BF%E3%81%AB%E3%80%82-%E5%85%AC%E5%BC%8F%E3%83%93%E3%82%B8%E3%83%A5%E3%82%A2%E3%83%AB%E3%82%AC%E3%82%A4%E3%83%89-%E3%82%B3%E3%83%9F%E3%83%83%E3%82%AF%E3%83%93%E3%83%BC%E3%83%A0%E7%B7%A8%E9%9B%86%E9%83%A8/dp/4047385530/ref=pd_bxgy_d_sccl_1/356-9235175-6547912?pd_rd_w=F50VX&content-id=amzn1.sym.dee070b1-16ee-44ca-b1c2-031bd9c55b61&pf_rd_p=dee070b1-16ee-44ca-b1c2-031bd9c55b61&pf_rd_r=HEZD7P1243ER206SRSWE&pd_rd_wg=uwzkV&pd_rd_r=af3ecff1-d30a-42d1-bdab-153bee7db493&pd_rd_i=4047385530&psc=1,"带你一窥TV动画《为你着迷》的幕后故事。
如果你好奇的话，那就准备好坐上后座吧……
官方视觉设定集《为你着迷》现已推出！深入探索动画的设定世界。
● 收录大量精心绘制的角色设定图，细节之处尽显匠心！
● 精选美术设定图、画板、道具设定图、原画等等！
● 收录小野贤章（饰演林美良）、内山昂辉（饰演江间让二）、冈本信彦（饰演二阶堂明）和小野友树（饰演目高优一）的对话及个人访谈，以及全新拍摄的写真照片！
● 收录原作作者和山山的特别评论！
● 收录包括导演中谷麻美在内的制作团队特别访谈！"
183.jpg,,杯垫 （一套9个）,杯垫（纸质）,去唱卡拉OK吧（动画）,"成田狂儿, 冈聪实",,,8/7/25,,日本,https://x.com/maneki_collabo/status/1953290010003948032,"- 《去唱卡拉OK吧！》x 招财猫卡拉OK 联名活动  8/7/2025
每购买一杯饮品，即可获得一款随机杯垫（共9款）。"
184.jpg,,明信片（一套7张）,纸片子,去唱卡拉OK吧（动画）,"成田狂儿, 冈聪实",,,8/7/25,,日本,https://x.com/maneki_collabo/status/1953290010003948032,"- 《去唱卡拉OK吧！》x 招财猫卡拉OK 联名活动  8/7/2025
每购买一杯特饮或一份食品，即可获得一款随机明信片（共9款）。"
185.jpg,,手机壁纸 （一套3张）,线上：手机壁纸,去唱卡拉OK吧（动画）,"成田狂儿, 冈聪实",,,8/7/25,,日本,https://x.com/maneki_collabo/status/1953290010003948033,"- 《去唱卡拉OK吧！》x 招财猫卡拉OK 联名活动  8/7/2025
使用Kyokunavi app预订并演唱指定歌曲，即可获得专属福利 - 手机壁纸！
步骤1
下载Kyokunavi app！
步骤2
选择JOYSOUND包厢，并使用Kyokunavi app
通过手机预订指定歌曲
步骤3
演唱结束后，将显示下载页面。"
186.jpg,,成田狂儿/冈聪实/目高优一/二阶堂明 单人明信片,纸片子,"去唱卡拉OK吧（动画）, 为你着迷（漫画）","成田狂儿, 冈聪实, 二阶堂明, 目高优一","狂儿 唱红 , 聪实 合唱团, 二阶堂 目高 冰淇淋",,10/11/25,N/A 赠品,日本,https://www.animatetimes.com/news/details.php?id=1755572661,"活动时间： 2025年10月11日至11月3日
地点：全国Animate实体店及Animate线上商店
活动详情：活动期间，凡购买或预订《一起去唱卡拉OK吧！》或《为你着迷》相关角色周边商品，且每消费满1100日元（含税）订金；或购买或预订书籍（需消费满1100日元（含税）订金）；或购买或预订Gratte食品、饮料或付费特典（需消费满1100日元订金），即可获赠明信片一张（共4款）。
特典内容：明信片（共4款）
*特典不可选择。"
187.jpg,,成田狂儿/冈聪实/目高优一/二阶堂明 透明单人杯垫（共4款）加购特典,杯垫（亚克力）,去唱卡拉OK吧（动画）,"成田狂儿, 冈聪实, 二阶堂明, 目高优一","狂儿 唱红 , 聪实 合唱团, 二阶堂 目高 冰淇淋",カラオケ行こ！ 动画CAFE,10/11/25,500,日本,https://www.animate.co.jp/en/gratte/27653/,"- 动画《去唱卡拉OK吧！》x Gratte 联名咖啡 10/11/2025

有偿特典，500日元加购"
188.jpg,パスケース：Ｃ岡聡実,证件套：C款 冈聪实,证件套,去唱卡拉OK吧（电影）,冈聪实,,,,1100,日本,https://www.manga10.com/product/4595557874106,"-《一起去唱卡拉OK吧！》电影重映纪念活动 2025 大型感恩节庆典官方周边商品发售 5/3/2025

尺寸：150mm"
189.jpg,パスケース：Ｂ成田狂児,证件套：B款 成田狂儿,证件套,去唱卡拉OK吧（电影）,成田狂儿,,,,1100,日本,https://www.manga10.com/product/4595557874090,"-《一起去唱卡拉OK吧！》电影重映纪念活动 2025 大型感恩节庆典官方周边商品发售 5/3/2025

尺寸：150mm"
190.jpg,パスケース：Ａロゴ,证件套：A款 去唱卡拉OK吧,证件套,去唱卡拉OK吧（电影）,,,,,1100,日本,https://www.manga10.com/product/4595557874083,"-《一起去唱卡拉OK吧！》电影重映纪念活动 2025 大型感恩节庆典官方周边商品发售 5/3/2025

尺寸：150mm"
191.jpg,マルチケース：Aロゴ,多功能收纳包：A款 去唱卡拉OK吧 Logo,包包,去唱卡拉OK吧（电影）,,,,,2750,日本,https://www.manga10.com/product/4595557874069,"-《一起去唱卡拉OK吧！》电影重映纪念活动 2025 大型感恩节庆典官方周边商品发售 5/3/2025

尺寸：約H115mm×Ｗ280ｍ"
192.jpg,やったんぽぽトートバック,蒲公英音乐教室 帆布手提袋,包包,去唱卡拉OK吧（电影）,,,,,2860,日本,https://www.manga10.com/product/4595557874052,"-《一起去唱卡拉OK吧！》电影重映纪念活动 2025 大型感恩节庆典官方周边商品发售 5/3/2025

尺寸：約H290mm×Ｗ360ｍ"
193.jpg,ビンテージ風Ｔシャツ,复古风T恤,衣服,去唱卡拉OK吧（电影）,,,,,5830,日本,https://www.manga10.com/product/4595557874038,"-《一起去唱卡拉OK吧！》电影重映纪念活动 2025 大型感恩节庆典官方周边商品发售 5/3/2025

尺寸：均码(Ｌ)"
194.jpg,アンブレラマーカー：C,雨伞挂件：C款 去唱卡拉OK吧,配饰,去唱卡拉OK吧（电影）,,,,2/16/24,440,日本,https://www.manga10.com/product/mgt-00003031,"-《一起去唱卡拉OK吧！》电影重映纪念活动 2025 大型感恩节庆典官方周边商品发售 5/3/2025
-《一起去唱卡拉OK吧！》电影官方周边商品发售 2/16/2024
- 《一起去唱卡拉OK吧！》电影上映第二轮发行的周边 2/26/2024 

尺寸：W21×H69mm"
195.jpg,アンブレラマーカー：B,雨伞挂件：B款 麦克风,配饰,去唱卡拉OK吧（电影）,,,,2/16/24,440,日本,https://www.manga10.com/product/mgt-00003030,"-《一起去唱卡拉OK吧！》电影重映纪念活动 2025 大型感恩节庆典官方周边商品发售 5/3/2025
-《一起去唱卡拉OK吧！》电影官方周边商品发售 2/16/2024
- 《一起去唱卡拉OK吧！》电影上映第二轮发行的周边 2/26/2024 

尺寸：W35×H40mm"
196.jpg,アンブレラマーカー：A,雨伞挂件：A款 手铃,配饰,去唱卡拉OK吧（电影）,,,,2/16/24,440,日本,https://www.manga10.com/product/mgt-00003029,"-《一起去唱卡拉OK吧！》电影重映纪念活动 2025 大型感恩节庆典官方周边商品发售 5/3/2025
-《一起去唱卡拉OK吧！》电影官方周边商品发售 2/16/2024
- 《一起去唱卡拉OK吧！》电影上映第二轮发行的周边 2/26/2024 

尺寸：W35×H40mm"
197.jpg,ネックストラップ：B,挂绳：B款 蓝色,挂绳,去唱卡拉OK吧（电影）,,,,2/16/24,1320,日本,https://www.manga10.com/product/mgt-00003028,"-《一起去唱卡拉OK吧！》电影重映纪念活动 2025 大型感恩节庆典官方周边商品发售 5/3/2025
-《一起去唱卡拉OK吧！》电影官方周边商品发售 2/16/2024
- 《一起去唱卡拉OK吧！》电影上映第二轮发行的周边 2/26/2024 

尺寸：約幅20mm×全長900mm"
198.jpg,ネックストラップ：A,挂绳： A款 黄色,挂绳,去唱卡拉OK吧（电影）,,,,2/16/24,1320,日本,https://www.manga10.com/product/mgt-00003027,"-《一起去唱卡拉OK吧！》电影重映纪念活动 2025 大型感恩节庆典官方周边商品发售 5/3/2025
-《一起去唱卡拉OK吧！》电影官方周边商品发售 2/16/2024
- 《一起去唱卡拉OK吧！》电影上映第二轮发行的周边 2/26/2024 

尺寸：約幅20mm×全長900mm"
199.jpg,マルチケース：Ｂガラ,多功能收纳包：B款 去唱卡拉OK吧 图案平铺,包包,去唱卡拉OK吧（电影）,,,,2/16/24,2750,日本,https://www.manga10.com/product/4595557874076,"-《一起去唱卡拉OK吧！》电影官方周边商品发售 2/16/2024

尺寸：H115mm×Ｗ280ｍｍ"
200.jpg,メタルキーホルダー,狂儿聪实坐在车里 金属钥匙扣,亚克力挂件/钥匙环,去唱卡拉OK吧（电影）,"成田狂儿, 冈聪实",,,2/16/24,1430,日本,https://www.manga10.com/product/4595557874045,"-《一起去唱卡拉OK吧！》电影重映纪念活动 2025 大型感恩节庆典官方周边商品发售 5/3/2025
-《一起去唱卡拉OK吧！》电影官方周边商品发售 2/16/2024

尺寸：約H46mm×Ｗ62ｍｍ"
201.jpg,折りたたみ傘：ツル,折叠伞：仙鹤图案,伞,去唱卡拉OK吧（电影）,,,,2/16/24,6600,日本,https://www.manga10.com/product/4595557874021,"-《一起去唱卡拉OK吧！》电影重映纪念活动 2025 大型感恩节庆典官方周边商品发售 5/3/2025
-《一起去唱卡拉OK吧！》电影官方周边商品发售 2/16/2024
- 《一起去唱卡拉OK吧！》电影上映第二轮发行的周边 2/26/2024 "
202.jpg,折りたたみ傘：カメ,折叠伞：海龟图案,伞,去唱卡拉OK吧（电影）,,,,2/16/24,6600,日本,https://www.manga10.com/product/4595557874014,"-《一起去唱卡拉OK吧！》电影重映纪念活动 2025 大型感恩节庆典官方周边商品发售 5/3/2025
-《一起去唱卡拉OK吧！》电影官方周边商品发售 2/16/2024
- 《一起去唱卡拉OK吧！》电影上映第二轮发行的周边 2/26/2024 "
203.jpg,ポーチ,收纳包,包包,去唱卡拉OK吧（电影）,,,,2/16/24,1650,日本,https://www.manga10.com/product/mgt-00003033,"-《一起去唱卡拉OK吧！》电影重映纪念活动 2025 大型感恩节庆典官方周边商品发售 5/3/2025
-《一起去唱卡拉OK吧！》电影官方周边商品发售 2/16/2024
- 《一起去唱卡拉OK吧！》电影上映第二轮发行的周边 2/26/2024 

尺寸：約W250×H180×D80mm"
204.jpg,ガーゼハンカチ,纱布手帕,毛巾/擦手巾,去唱卡拉OK吧（电影）,,,,2/16/24,1100,日本,https://www.manga10.com/product/mgt-00003032,"-《一起去唱卡拉OK吧！》电影重映纪念活动 2025 大型感恩节庆典官方周边商品发售 5/3/2025
-《一起去唱卡拉OK吧！》电影官方周边商品发售 2/16/2024
- 《一起去唱卡拉OK吧！》电影上映第二轮发行的周边 2/26/2024 

尺寸：約W300×H300mm"
205.jpg,アクリルスタンド：岡聡実,亚克力立牌：冈聪实,亚克力立牌/亚克力板,去唱卡拉OK吧（电影）,冈聪实,,,2/16/24,1980,日本,https://www.manga10.com/product/mgt-00003026,"-《一起去唱卡拉OK吧！》电影重映纪念活动 2025 大型感恩节庆典官方周边商品发售 5/3/2025
-《一起去唱卡拉OK吧！》电影官方周边商品发售 2/16/2024
- 《一起去唱卡拉OK吧！》电影上映第二轮发行的周边 2/26/2024 

尺寸：約W90×H180mm"
206.jpg,アクリルスタンド：成田狂児,亚克力立牌：成田狂儿,亚克力立牌/亚克力板,去唱卡拉OK吧（电影）,成田狂儿,,,2/16/24,1980,日本,https://www.manga10.com/product/mgt-00003025,"-《一起去唱卡拉OK吧！》电影重映纪念活动 2025 大型感恩节庆典官方周边商品发售 5/3/2025
-《一起去唱卡拉OK吧！》电影官方周边商品发售 2/16/2024
- 《一起去唱卡拉OK吧！》电影上映第二轮发行的周边 2/26/2024 

尺寸：約W90×H180mm"
207.jpg,映画『カラオケ行こ!』シナリオブック,《去唱卡拉OK吧！》电影剧本集,书,去唱卡拉OK吧（电影）,"成田狂儿, 冈聪实",,,,1276,日本,https://www.manga10.com/product/9784047377509,-《一起去唱卡拉OK吧！》电影官方周边商品发售 2/16/2024
208.jpg,映画『カラオケ行こ!』公式ビジュアルブック,《去唱卡拉OK吧！》电影官方设定集,书,去唱卡拉OK吧（电影）,"成田狂儿, 冈聪实",,,,2420,日本,https://www.manga10.com/product/9784047377493,-《一起去唱卡拉OK吧！》电影官方周边商品发售 2/16/2024
209.jpg,クリアファイルセット,A4透明双面文件夹套装（一套2个）,文件夹,去唱卡拉OK吧（电影）,"成田狂儿, 冈聪实",,『カラオケ行こ！』大感謝祭2025,5/3/25,550,日本,https://www.gendaigoods.com/SHOP/karaoke_01.html,"-《一起去唱卡拉OK吧！》电影重映纪念活动 2025 大型感恩节庆典官方周边商品发售 5/3/2025
-《一起去唱卡拉OK吧！》电影官方周边商品发售 2/16/2024

2 种类型，1 套，A4 尺寸
由聚丙烯制成"
210.jpg,ポストカードセット ,明信片套装（一套8张）,纸片子,去唱卡拉OK吧（电影）,"成田狂儿, 冈聪实",,『カラオケ行こ！』大感謝祭2025,5/3/25,550,日本,https://www.gendaigoods.com/SHOP/karaoke_02.html,"-《一起去唱卡拉OK吧！》电影重映纪念活动 2025 大型感恩节庆典官方周边商品发售 5/3/2025
-《一起去唱卡拉OK吧！》电影官方周边商品发售 2/16/2024

一套8张
纸质"
211.jpg,クリアしおり,透明书签 (一套2种),书签,去唱卡拉OK吧（电影）,"成田狂儿, 冈聪实",,『カラオケ行こ！』大感謝祭2025,5/3/25,550,日本,https://www.gendaigoods.com/SHOP/karaoke_03.html,"-《一起去唱卡拉OK吧！》电影重映纪念活动 2025 大型感恩节庆典官方周边商品发售 5/3/2025
-《一起去唱卡拉OK吧！》电影官方周边商品发售 2/16/2024

一套2种
由聚丙烯制成"
212.jpg,「狂児の音叉」キーホルダー,“狂儿的音叉”钥匙扣,亚克力挂件/钥匙环,去唱卡拉OK吧（电影）,成田狂儿,,『カラオケ行こ！』大感謝祭2025,5/3/25,1200,日本,https://www.gendaigoods.com/SHOP/karaoke_04.html,"-《一起去唱卡拉OK吧！》电影重映纪念活动 2025 大型感恩节庆典官方周边商品发售 5/3/2025
-《一起去唱卡拉OK吧！》电影官方周边商品发售 2/16/2024

音叉：3D + 彩绘；麦克风：彩色
由金属制成"
213.jpg,チャームセット,仙鹤伞+龟伞金属挂件（配硅胶圈）,配饰,去唱卡拉OK吧（电影）,,,『カラオケ行こ！』大感謝祭2025,5/3/25,1500,日本,https://www.gendaigoods.com/SHOP/karaoke_05.html,"-《一起去唱卡拉OK吧！》电影重映纪念活动 2025 大型感恩节庆典官方周边商品发售 5/3/2025
-《一起去唱卡拉OK吧！》电影官方周边商品发售 2/16/2024

一套两件，尺寸约为 5 x 8.5 厘米，采用环氧树脂浇注和喷墨印刷工艺，配有硅胶圈。
由金属制成"
214.jpg,コースターセット,胜子酒吧牌匾+卡拉OK天国牌匾 杯垫套装（一套2个）,杯垫（亚克力）,去唱卡拉OK吧（电影）,,,『カラオケ行こ！』大感謝祭2025,5/3/25,1500,日本,https://www.gendaigoods.com/SHOP/karaoke_07.html,"-《一起去唱卡拉OK吧！》电影重映纪念活动 2025 大型感恩节庆典官方周边商品发售 5/3/2025
-《一起去唱卡拉OK吧！》电影官方周边商品发售 2/16/2024

一套两款：卡拉OK天国：约8 x 9.2厘米；胜子：约11 x 6.9厘米
由橡胶制成"
215.jpg,ピンズ＆タイピンセット,祭林组胸针和领带夹套装,配饰,去唱卡拉OK吧（电影）,成田狂儿,祭林组LOGO,『カラオケ行こ！』大感謝祭2025,5/3/25,1500,日本,https://www.gendaigoods.com/SHOP/karaoke_06.html,"-《一起去唱卡拉OK吧！》电影重映纪念活动 2025 大型感恩节庆典官方周边商品发售 5/3/2025
-《一起去唱卡拉OK吧！》电影官方周边商品发售 2/16/2024

一套两枚胸针：直径2厘米，镀金，彩色。领带夹：宽5厘米，镀镍，彩色。
由金属制成"
216.jpg,2024カレンダーカード,电影上映第一轮赠礼：2024年历卡,纸片子,去唱卡拉OK吧（电影）,"成田狂儿, 冈聪实",聪实 狂儿 雨中撑伞,,1/12/24,N/A 赠品,日本,https://x.com/moviekaraokeiko/status/1745430333250805957,电影《去唱卡拉OK吧》影院观影者特典
217.jpg,成田狂児 の名刺,《去唱卡拉OK吧！》电影版 特典 成田狂儿 名片,名片/名片夹,去唱卡拉OK吧（电影）,成田狂儿,,,1/21/24,N/A 抽奖奖品,日本,https://movies.kadokawa.co.jp/karaokeiko/info/2024/01/15/info114/,"电影《一起去卡拉OK吧！》举办名片赠送活动
为了让您更尽情享受这部电影，我们正在开展影评征集活动。参与活动的20位观众将有机会参与抽奖，赢取成田恭司名片。

【X 活动参与方式】
1.关注 X电影并转发活动帖。2 . 发布带有话题标签“一起去电影院唱卡拉OK吧”和“想要成田恭司名片”的帖子。3 . 申请完成


【如何参与Instagram活动】
1.关注电影官方Instagram账号。
2.在你的帖子中标记电影官方账号并添加Little Glee Monsters的歌曲“Kurenai”，即可增加中奖几率！
*动态、Reels和Stories帖子均可。

【活动期限】
至2024年1月21日（星期日）

【注意事项】
*产品不可兑换现金或换货。
*严禁转售或参与转售活动。
*本活动可能因各种原因变更或终止，恕不另行通知。*
本产品并非电影中使用的名片，实际产品可能与图片有所不同。

【获奖名单公布】
*我们将通过电影《X》官方账号和Instagram账号私信联系获奖者。
*活动期间，我们发现许多虚假账号发送关注请求和私信，请务必提高警惕。
*我们将通过私信通知获奖者。
*账号设置为“私密”的用户将无法参与抽奖。
*获奖者仅限居住在日本的用户。"
218.jpg,ボイス付きビジュアルカード,电影上映第二轮赠礼：语音视觉卡,纸片子,去唱卡拉OK吧（电影）,"成田狂儿, 冈聪实",,,2/3/24,N/A 赠品,日本,https://movies.kadokawa.co.jp/karaokeiko/info/2024/01/29/info0129/,"这张（明信片大小）配音视觉卡背面印有二维码，扫描后即可跳转到电影中的热门片段，聆听电影中的配音。正面则印有从未公开过的狂儿和聪实并肩坐在护栏上的画面，绝对不容错过。
视听卡将在各影院售罄前提供，音频仅可在 3 月 2 日星期六 23:59 前观看，不可下载。"
219.jpg,よろぴくステッカー ,电影上映第三轮赠礼：成田狂儿名片贴纸+去唱卡拉OK吧贴纸,贴纸,去唱卡拉OK吧（电影）,成田狂儿,,,2/17/24,N/A 赠品,日本,https://x.com/moviekaraokeiko/status/1758688269662138466,从2/17/2024开始先到先得的电影院观影特典
220.jpg,トリプルコラボカード -220,B6祭林组卡拉OK大赛特别照片,纸片子,去唱卡拉OK吧（电影）,"成田狂儿, 冈聪实",聪实 狂儿 雨中撑伞,,5/3/25,N/A 赠品,日本,https://eigakan.org/theaterpage/schedule.php?t=karaokeiko,"🎤 “一起去卡拉OK吧！”2025大感恩祭🎤
5月3日（周六，节假日）- 5月5日（周一，节假日）限时3天
入场特典
三方联动卡
。 规格：B6尺寸 [正面] 祭林组卡拉OK大赛特别照片 [背面] 电视动画主视觉图及原作主视觉图
* 数量有限，送完即止。"
221.jpg,狂児＆聡実のXポーズ！🙅‍♀️「#感謝のX 壁紙」,电影票根兑换特典：狂儿&聪实的感谢手机壁纸🙅‍♀️,线上：手机壁纸,去唱卡拉OK吧（电影）,"成田狂儿, 冈聪实",,,2/21/24,N/A 赠品,日本,https://x.com/moviekaraokeiko/status/1760295058077847830,"符合条件的票根有效期至3月3日！🏃‍♂️💨
🔽使用您的票根即可参与"
222.jpg,A6ステッカー,电影上映第四轮赠礼：A6贴纸,贴纸,去唱卡拉OK吧（电影）,"成田狂儿, 冈聪实",,,3/2/24,N/A 赠品,日本,https://movies.kadokawa.co.jp/karaokeiko/info/2024/02/26/info0226/,"2024年2月26日
影片上映七周以来，已吸引超过43万观众！大结局的全新预告片已发布。第四轮赠品活动将于3月2日（周六）开始！这些A6贴纸充满了与狂儿和聪实共度的美好回忆。数量有限，请务必尽早到影院领取。送完即止。"
223.jpg,岡聡実誕生日記念　バースデーステッカー（A６サイズ）,冈聪实4/1生日观影特典：A6贴纸,贴纸,去唱卡拉OK吧（电影）,"成田狂儿, 冈聪实",,,3/30/24,N/A 赠品,日本,https://movies.kadokawa.co.jp/karaokeiko/info/2024/03/26/info0326/,"【纪念特典】*仅限3月30日（周六）、3月31日（周日）及4月1日（周一）三天。1.
访客礼品：
冈里美生日纪念贴纸（A6尺寸）
*数量有限，送完即止。2
. 访客特典视频：
冈里美三天生日庆祝特别视频（约3分钟）。"
224.jpg,"成田狂児大生誕祭：　①“聡実”タトゥーシール
　②バースデーカード（A6サイズ） （2種セットでお渡しいたします）",成田狂儿5/5生日观影特典：　聪实 纹身 贴纸 + 生日相卡（A6尺寸）（2张一套）,"纸片子, 贴纸",去唱卡拉OK吧（电影）,"成田狂儿, 冈聪实",狂儿 聪实纹身,,5/5/24,N/A 赠品,日本,https://movies.kadokawa.co.jp/karaokeiko/info/2024/04/30/info0430/,"为了庆祝电影《一起去卡拉OK吧！》的主角成田恭司5月5日的生日，主办方决定举办“成田恭司生日祭” ！届时，该片将在全国各大影院重映（包括普通场次和应援场次），并向观影者赠送两份礼物：一张以电影中出现的“那个”角色为原型设计的“聪实”纹身贴纸，以及一张A6尺寸的生日贺卡。
【电影《一起去卡拉OK吧！》“成田恭司大生日庆典”概要】
仅限5月5日（周日，日本法定假日）当天发放观影赠品，仅限一天！
<观影赠品>
　1. “Satomi”纹身贴纸
　2. 生日贺卡（A6尺寸）正面印有狂儿和聪实交换眼镜和墨镜的经典画面，背面则是原作者和山山的祝福语。
　*一套两件
　*送完即止"
225.jpg,カラオケ行こ！Blu-ray豪華版（特典DVD付,去唱卡拉OK吧！电影蓝光碟豪华套装 （附赠特典DVD),DVD/蓝光碟,去唱卡拉OK吧（电影）,"成田狂儿, 冈聪实",,,,8580,日本,,"光盘数量：
1 张主光盘 + 1 张特典 DVD 光盘
福利：
① 制作花絮　
② 活动影像集锦
③ 预告片合辑
附赠小册子　
成田狂儿名片*1
缎面贴纸
和山山绘制成田狂儿（绫野刚）和聪实（藤本润）电影打伞名场面色纸*1"
226.jpg,カラオケ行こ！ Blu-ray 豪華版（特典DVD付） カドカワストア限定スペシャルパック《2L版ポストカード入りフォトスタンド付 ※シリアルナンバー入り（数量限定）》,去唱卡拉OK吧！电影蓝光豪华版（附赠DVD）角川商店独家特别套装（内含2L尺寸明信片和照片立牌 *附带序列号（数量有限））,"装裱相框, 纸片子",去唱卡拉OK吧（电影）,"成田狂儿, 冈聪实",,カドスト Kadokawa 角川商店,6/2/24,14080,日本,https://store.kadokawa.co.jp/shop/g/g302405000018/?ref=official&_gl=1*1yc51mm*_ga*NTUzMjAzNDgzLjE3NjA3MDQ3MjA.*_ga_H02HL8LWS9*czE3NjIzNjg0NTgkbzUkZzEkdDE3NjIzNjg2NTYkajYwJGwwJGgw,"特别套装仅在角川商店有售，包含电影《一起去卡拉OK吧！》豪华蓝光版（附赠DVD）以及印有成田恭司和冈里美大幅明信片的相框。此外，还附赠一块印
有电影标志的金色铭牌。
编号铭牌数量有限，
售完即止，之后将更换为无编号铭牌
◆照片立牌
<尺寸> 明信片：2L尺寸（宽127mm x 高178mm）/ 相框：约宽200mm x 高250mm / 底板：约宽40mm x 高15mm
<材质> 明信片：纸 / 相框：木 / 底板：金属
<产地> 明信片：日本 / 相框：日本或中国 / 底板：日本或中国"
227.jpg,★カドカワストア限定特典★ 劇場ポスター（B2サイズ）,★角川商店独家特典★剧场版海报（B2尺寸）,海报,去唱卡拉OK吧（电影）,"成田狂儿, 冈聪实",,Amazon.co.jp 亚马逊日本,6/2/24,6871（蓝光豪华）/3600（DVD),日本,https://store.kadokawa.co.jp/shop/g/g302405000018/?ref=official&_gl=1*1yc51mm*_ga*NTUzMjAzNDgzLjE3NjA3MDQ3MjA.*_ga_H02HL8LWS9*czE3NjIzNjg0NTgkbzUkZzEkdDE3NjIzNjg2NTYkajYwJGwwJGgw,
228.jpg,【Amazon.co.jp限定】カラオケ行こ！ Blu-ray豪華版（特典DVD付）/DVD通常版：クリアしおり,【亚马逊限定】去唱卡拉OK吧！电影蓝光碟豪华套装 （附赠特典DVD)/普通DVD版：特典：透明书签,书签,去唱卡拉OK吧（电影）,"成田狂儿, 冈聪实",,Amazon.co.jp 亚马逊日本,8/7/24,6871（蓝光豪华）/3600（DVD),日本,https://www.amazon.co.jp/b?ie=UTF8&node=24822527051&pd_rd_w=EbJ5x&content-id=amzn1.sym.9a910198-f2ed-4e39-8444-390950d68455:amzn1.sym.9a910198-f2ed-4e39-8444-390950d68455&pf_rd_p=9a910198-f2ed-4e39-8444-390950d68455&pf_rd_r=QSK8PV07EXRNKGPQCM3R&pd_rd_wg=n02IW&pd_rd_r=70c3eac3-a4ca-44f5-98da-bf1a1d8ffb3c&qid=1714905135&ref_=sxts_spks_0_0_9a910198-f2ed-4e39-8444-390950d68455?tag=kadoofce-movie-22,
229.jpg,【Amazon.co.jp限定】カラオケ行こ！ Blu-ray豪華版（特典DVD付）/DVD通常版：ポストカード,【亚马逊限定】去唱卡拉OK吧！电影蓝光碟豪华套装 （附赠特典DVD)/普通DVD版：特典：明信片,DVD/蓝光碟,去唱卡拉OK吧（电影）,"成田狂儿, 冈聪实",,Amazon.co.jp 亚马逊日本,,,日本,https://www.amazon.co.jp/b?ie=UTF8&node=24822527051&pd_rd_w=EbJ5x&content-id=amzn1.sym.9a910198-f2ed-4e39-8444-390950d68455:amzn1.sym.9a910198-f2ed-4e39-8444-390950d68455&pf_rd_p=9a910198-f2ed-4e39-8444-390950d68455&pf_rd_r=QSK8PV07EXRNKGPQCM3R&pd_rd_wg=n02IW&pd_rd_r=70c3eac3-a4ca-44f5-98da-bf1a1d8ffb3c&qid=1714905135&ref_=sxts_spks_0_0_9a910198-f2ed-4e39-8444-390950d68455?tag=kadoofce-movie-22,
230.jpg,"
【楽天ブックス限定先着特典】カラオケ行こ！ 豪華版【Blu-ray】(選べる ミニ・キャラファインフォリオ",【乐天图书独家先到先得特典】去唱卡拉OK吧！豪华版【蓝光】自选迷你角色精美画册（不同版本可自选）,小册子,去唱卡拉OK吧（电影）,"成田狂儿, 冈聪实",,Rakuten 乐天,8/7/24,8580,日本,https://books.rakuten.co.jp/rb/17871079/?variantId=17871079,"<赠品内容说明>
“Chara Fine Foglio”是一款将Chara Fine装裱在书本式纸框中的产品，可以以跨页形式展示。
这是一款轻薄的艺术品，既适合展示也适合收藏。
<赠品尺寸>
封面外尺寸：约143 x 104毫米 / 屏幕尺寸：约117 x 78毫米
<赠品选择-任选其一>
冈聪实版/成田狂儿版/冈聪实&成田狂儿版"
231.jpg,カラオケ行こ！Blu-ray豪華版 🎤アニメイト特典🎤・SNS風クリアカード ,去唱卡拉OK吧！电影蓝光碟豪华套装 （附赠特典DVD) A店特典：SNS/INS风格透卡,透卡,去唱卡拉OK吧（电影）,"成田狂儿, 冈聪实",,アニメイト Animate A店,8/7/24,8580,日本,https://x.com/animateonline/status/1815327193125523649,
232.jpg,カラオケ行こ！ Blu-ray 豪華版＜セブンネット限定特典：A4ポートレート付き＞（Ｂｌｕ－ｒａｙ）,卡拉OK Iko！蓝光豪华版（7网独家特典：附赠A4竖版照片）,纸片子,去唱卡拉OK吧（电影）,"成田狂儿, 冈聪实",,セブンネット 7 Net 7网,8/7/24,8580,日本,https://7net.omni7.jp/detail/1400911626?vc_lpp=MSZlNTNkYjhhMDE3NiY2OTBiYTE1MyYyZGFkNDAmNjkzMzJlNTImYVF1aFVnQUtCTEtBZDM5WUNvb0Uyd3FLQnNOT1l3JjQJYVF1aFVnQUtCTEtBZDM5WUNvb0Uyd3FLQnNOT1l3CTA4ODQ3MDQ2MjQwMjYwMjIwMTI1MTEwNTE5MTExNAkJaHR0cHM6Ly93d3cua2Fkb2thd2EuY28uanAvcHJvZHVjdC92aWRlbzIxNjgvCXsiX2loIjoiUEdsdFp5QnpjbU05SW1oMGRIQnpPaTh2YzNSaGRHbGpMbXRoWkc5cllYZGhMbU52TG1wd0wyTnZiVzF2Ymk5cGJXY3ZZbTV5WHpkdVpYUXVhbkJuSWlCaGJIUTlJdU9DdS1PRGx1T0RzLU9EamVPRGctT0RpT09DdC1PRHAtT0RnLU9EbE9PRHMtT0NzQ0ktIiwiX3VyaSI6Imh0dHBzOlwvXC83bmV0Lm9tbmk3LmpwXC9kZXRhaWxcLzE0MDA5MTE2MjYifQ,
233.jpg,カラオケ行こ！Blu-ray豪華版（特典DVD付）HMVオリジナル特典「カラオケ行こ！」ロゴ缶バッジ　,去唱卡拉OK吧！电影蓝光碟豪华套装 （附赠特典DVD) HMV特典：去唱卡拉OK吧 LOGO徽章,徽章/吧唧,去唱卡拉OK吧（电影）,,,HMV&BOOKS,8/7/24,7293,日本,https://www.hmv.co.jp/news/article/240501185/,
234.jpg,映画『#カラオケ行こ！』Blu-ray&DVD発売記念衣装展 購入者特典 抽選 エコバッグ,电影《去唱卡拉OK吧》蓝光&DVD发售纪念-服装&道具展-蓝光/DVD指定店铺购入者抽选奖品：环保袋,包包,"去唱卡拉OK吧（电影）, 去唱卡拉OK吧 （漫画）","成田狂儿, 冈聪实",,,8/7/24,N/A 抽奖奖品,日本,https://x.com/moviekaraokeiko/status/1819206565477626358,"为庆祝《一起去卡拉OK吧！》电影蓝光及DVD发售，我们将在大阪举办服装及道具展！！欢迎前来参观！☺
日期：8月7日（周三）至8月18日（周日）
地点：上信日本桥店二楼展厅（大阪市浪速区日本桥5-9-5）
🎤展览内容
- 电影服装（成田狂儿&冈聪实各一套）
- 电影中使用的部分道具
- 剧照展板
🎁购买者特惠
凡在上述店铺购买蓝光或DVD的15位幸运顾客，将获得一份非卖品电影原版周边（环保袋或“歌唱指南”风格的便签）！"
235.jpg,映画『#カラオケ行こ！』Blu-ray&DVD発売記念衣装展 購入者特典 抽選 「歌唱の手引き」風付箋,电影《去唱卡拉OK吧》蓝光&DVD发售纪念-服装&道具展-蓝光/DVD指定店铺购入者抽选奖品：聪实合唱团歌唱指南便签,便签/便利贴,去唱卡拉OK吧（电影）,,,,8/7/24,N/A 抽奖奖品,日本,https://x.com/moviekaraokeiko/status/1819206565477626358,"为庆祝《一起去卡拉OK吧！》电影蓝光及DVD发售，我们将在大阪举办服装及道具展！！欢迎前来参观！☺
日期：8月7日（周三）至8月18日（周日）
地点：上信日本桥店二楼展厅（大阪市浪速区日本桥5-9-5）
🎤展览内容
- 电影服装（成田狂儿&冈聪实各一套）
- 电影中使用的部分道具
- 剧照展板
🎁购买者特惠
凡在上述店铺购买蓝光或DVD的15位幸运顾客，将获得一份非卖品电影原版周边（环保袋或“歌唱指南”风格的便签）！"
236.jpg,,《去唱卡拉OK吧!》影漫联动 特典 双面（导演寄语）明信片,纸片子,去唱卡拉OK吧（电影）,"成田狂儿, 冈聪实",,,,N/A 赠品,大陆,,- 茑屋书店 x 《去唱卡拉OK吧！》影漫联动打卡活动   1/17/2025
237.jpg,,《去唱卡拉OK吧!》影漫联动 特典 海报,海报,去唱卡拉OK吧（电影）,"成田狂儿, 冈聪实",,,,N/A 赠品,大陆,,- 西西弗书店 x 《去唱卡拉OK吧！》影漫联动打卡活动  1/17/2025
238.jpg,,《去唱卡拉OK吧!》影漫联动 特典 透卡,海报,去唱卡拉OK吧（电影）,"成田狂儿, 冈聪实","聪实 狂儿 雨中撑伞 , 聪实 狂儿 空港再会",,1/17/25,N/A 赠品,大陆,,"- 西西弗书店 x 《去唱卡拉OK吧！》影漫联动打卡活动  1/17/2025
- 茑屋书店 x 《去唱卡拉OK吧！》影漫联动打卡活动   1/17/2025"
239.jpg,,《去唱卡拉OK吧!》观影特典 贴纸,贴纸,去唱卡拉OK吧（电影）,"成田狂儿, 冈聪实",,,,N/A 赠品,大陆,,
240.jpg,FEEL YOUNG 2021年8月号特別付録［女の園の星］B6クリアファイル,Feel Young杂志2021年8月号特典 《女校之星》B6 透明文件夹,文件夹,女校之星（漫画）,"小林老师, 星老师",女校之星 地铁,,7/8/21,N/A 赠品,日本,https://x.com/onna_sono_Hoshi/status/1405437610034491392,
241.jpg,1枚プレゼント,书签,书签,和山山原创,,,,10/21/25,N/A 赠品,日本,https://x.com/onna_sono_Hoshi/status/1980840793779892327,"㊗️OUR FEEL COMICS 新刊发售活动正在进行中！

购买任意一本在售漫画，即可获赠Yama Yama 的标志性人物书签一枚。🎁"
242.jpg,,FEEL YOUNG杂志2024年8月号特典 B5女校之星 贴纸,贴纸,女校之星（漫画）,"小林老师, 星老师","小林老师 红Polo, 小林星 夏威夷衫, 星老师 生日, 小林星 西装, 小林星 比心, 小林星 擦黑板",贴纸,7/8/24,N/A 赠品,日本,https://x.com/onna_sono_Hoshi/status/1807730870452949216,
243.jpg,,FEEL YOUNG杂志2023年8月号特典 B5女校之星 贴纸,贴纸,女校之星（漫画）,"小林老师, 星老师","小林星 西装, 小林星 打扫卫生, 女校之星 古川&鸟井",贴纸,7/7/23,N/A 赠品,日本,https://x.com/onna_sono_Hoshi/status/1672455367916425216,
244.jpg,,FEEL YOUNG杂志2022年8月号特典 B5女校之星 贴纸,贴纸,女校之星（漫画）,"小林老师, 星老师","女校之星 地铁, 小林星 放大镜, 星老师 锹甲虫幸运男孩",,,,日本,,
245.jpg,紀伊國屋書店新宿本店 女の園の星 のイラスト入りブックカバー配布,纪伊国书屋特典 女校之星 书皮,纸片子,女校之星（漫画）,"小林老师, 星老师",,,1/4/23,N/A 赠品,日本,https://x.com/onna_sono_Hoshi/status/1609892122408411137,为庆祝纪伊国屋新宿总店漫画区搬迁，我们将赠送由山山创作的《女校之星》书皮。快来总店8楼参与活动吧！
246.jpg,紀伊國屋書店新宿本店 女の園の星 3巻購入で星先生イラスト入りレシート発行,《女校之星3》纪伊国书屋特典 星老师发票/收据,纸片子,女校之星（漫画）,星老师,,,1/2/23,N/A 赠品,日本,https://x.com/onna_sono_Hoshi/status/1609892122408411137,购买《女校之星》第3卷，即可获得有星老师的精美收据。
247.jpg,,书店特典 中村老师发票/收据,纸片子,女校之星（漫画）,中村老师,,,,N/A 赠品,日本,,
248.jpg,女の園の星 3巻アニメBlu-rayDisc付き特装,《女校之星 3》特装版 附赠动画蓝光光碟,DVD/蓝光碟,女校之星（漫画）,,,,8/7/22,4884,日本,https://x.com/onna_sono_Hoshi/status/1556429988806545408,"星野源将为星教授配音，宫野真守将为小林教授配音🎉

导演是畑山真守，动画制作是LapinTruck🎉"
249.jpg,【グッズ-香水】女の園の星 香水 爽やかな香り/星先生【アニセレ】,,香水,女校之星（漫画）,星老师,,アニメイト Animate A店,4/29/22,6050,日本,https://www.animate-onlineshop.jp/pd/2022859/#,"<预购期：预购将于1月21日起在全国Animate门店和Animate线上商店开启！截止至2022年2月23日（星期三）> *预购商品
*即使在预购期内，若达到最大数量，预购也可能提前结束。

【香型：星老师】
前调：桧木、佛手柑
中调：薰衣草、荔枝、雪松
后调：琥珀、檀香、麝香
【尺寸】
包装盒：约 16.5 x 13 x 4 厘米
瓶身：约 9 x 3.3 x 3.3 厘米
容量：L 瓶
容量：30 毫升
【材质】
瓶身：玻璃
包装盒：纸
包装材料：纸、塑料
【工艺】
瓶身：单色烫金
包装盒：烫金、全彩印刷
包装盒：全彩印刷
【成分】
乙醇、香精、水、甲氧基肉桂酸乙基己酯、BHT、(+/-) 蓝色 1 号、黄色 4 号、红色 227 号"
250.jpg,【グッズ-香水】女の園の星 香水 爽やかな香り/小林先生【アニセレ】,,香水,女校之星（漫画）,小林老师,小林老师 举粉笔,アニメイト Animate A店,4/29/22,6050,日本,https://www.animate-onlineshop.jp/pd/2022859/#,"<预购期：预购将于1月21日起在全国Animate门店和Animate线上商店开启！截止至2022年2月23日（星期三）> *预购商品
*即使在预购期内，若达到最大数量，预购也可能提前结束。

【香型：小林老师】
前调：桉树、青柠、薰衣草
中调：迷迭香、绿薄荷、青菠萝、天竺葵
后调：香草、广藿香、西梅、麝香、琥珀
【尺寸】
包装盒：约 16.5 x 13 x 4 厘米
瓶身：约 9 x 3.3 x 3.3 厘米
图片：L 号
容量：30 毫升
【材质】
瓶身：玻璃
图片：纸
包装：纸、塑料
【工艺】
瓶身：单色烫金
包装盒：烫金、全彩印刷
图片：全彩印刷
【成分】
乙醇、香精、水、甲氧基肉桂酸乙基己酯、BHT、(+/-) 蓝色 1 号、黄色 4 号、红色 227 号"
251.jpg,,女校之星 4 首刷 随书赠 贴纸,贴纸,女校之星（漫画）,"小林老师, 星老师, 中村老师","中村老师, 小林老师 抱侄子手机屏保, 小林老师 举排球",,,,韩国,https://x.com/munhakdongne/status/1907253408589124008,
252.jpg,ファミレス行こ。 下 トランプ付き特装版,日文 《去家庭餐厅吧。下》特装版 特典 扑克一副,扑克牌,去家庭餐厅吧/去恰饭吧 （漫画）,"成田狂儿, 冈聪实",聪实 狂儿 咲茶店对视,カドスト Kadokawa 角川商店,3/12/26,2992,日本,https://www.amazon.co.jp/dp/4047387533,"《一起去家庭餐厅吧。》中的角色们现在推出扑克牌啦！

粉丝们绝对不容错过，每张牌都拥有独一无二的设计！

牌盒上印有聪实和狂儿在家庭餐厅用餐的插图，扑克牌本身也精致闪亮！"
253.jpg,,亚克力挂件造型钥匙扣 冈聪实,亚克力挂件/钥匙环,去唱卡拉OK吧（动画）,冈聪实,聪实 合唱团,アニメイト Animate A店,10/11/25,1320,日本,https://www.animate-onlineshop.jp/pd/3192600/,"尺寸：约6 x 4厘米
材质：亚克力/全彩印刷"
254.jpg,,亚克力挂件造型钥匙扣 成田狂儿,亚克力挂件/钥匙环,去唱卡拉OK吧（动画）,成田狂儿,狂儿 唱红,アニメイト Animate A店,10/11/25,1320,日本,https://www.animate-onlineshop.jp/pn/pd/3192601/,"尺寸：约6 x 4厘米
材质：亚克力/全彩印刷"
255.jpg,,祭林组 成田狂儿 名片夹+名片*1,名片/名片夹,去唱卡拉OK吧（动画）,成田狂儿,祭林组LOGO,アニメイト Animate A店,10/11/25,1320,日本,https://www.animate-onlineshop.jp/pn/pd/3192611/,"尺寸：约9.3 x 6厘米，厚度0.3厘米。
采用铝制材料，可容纳约15张名片。"
256.jpg,,手镯 成田狂儿,配饰,去唱卡拉OK吧（动画）,成田狂儿,,アニメイト Animate A店,10/11/25,1980,日本,https://www.animate-onlineshop.jp/pn/pd/3192610/,"尺寸：约5.7 x 4.8厘米，
材质：黄铜"
257.jpg,,手镯 冈聪实,配饰,去唱卡拉OK吧（动画）,冈聪实,,アニメイト Animate A店,10/11/25,1980,日本,https://www.animate-onlineshop.jp/pn/pd/3192609/,"尺寸：约5.7 x 4.8厘米，
材质：黄铜"
258.jpg,,随机徽章（一盒6款）成田狂儿 & 冈聪实,徽章/吧唧,去唱卡拉OK吧（动画）,"成田狂儿, 冈聪实","聪实 合唱团, 狂儿 唱红",アニメイト Animate A店,10/11/25,440*6,日本,https://www.animate-onlineshop.jp/pn/pd/3192608/,"尺寸：直径约5.7厘米
材质：纸、铁、PET / 全彩印刷 每包1枚徽章，共6种款式 每盒6包
*线上销售以盒为单位。
*一盒可能无法集齐所有款式，敬请谅解。"
259.jpg,,证件照相卡 成田狂儿,证件照,去唱卡拉OK吧（动画）,成田狂儿,狂儿 唱红,アニメイト Animate A店,10/11/25,275,日本,https://www.animate-onlineshop.jp/pn/pd/3192607/,"尺寸：约15.2 x 10.2厘米。
材质：纸，全彩印刷。"
260.jpg,,证件照相卡 冈聪实,证件照,去唱卡拉OK吧（动画）,冈聪实,聪实 合唱团,アニメイト Animate A店,10/11/25,275,日本,https://www.animate-onlineshop.jp/pn/pd/3192606/,"尺寸：约15.2 x 10.2厘米。
材质：纸，全彩印刷。"
261.jpg,,亚克力立牌 成田狂儿,亚克力立牌/亚克力板,去唱卡拉OK吧（动画）,成田狂儿,狂儿 唱红,アニメイト Animate A店,10/11/25,1980,日本,https://www.animate-onlineshop.jp/pn/pd/3192605/,"尺寸：高约16厘米（因角色而异）。
特点：亚克力材质，全彩印刷。"
262.jpg,,亚克力立牌 冈聪实,亚克力立牌/亚克力板,去唱卡拉OK吧（动画）,冈聪实,聪实 合唱团,アニメイト Animate A店,10/11/25,1980,日本,https://www.animate-onlineshop.jp/pn/pd/3192604/,"尺寸：高约16厘米（因角色而异）。
特点：亚克力材质，全彩印刷。"
263.jpg,,祭林组烟灰缸造型托盘 ,烟灰缸,去唱卡拉OK吧（动画）,成田狂儿,祭林组LOGO,アニメイト Animate A店,10/11/25,1980,日本,https://www.animate-onlineshop.jp/pn/pd/3192603/,"尺寸：直径约10.5厘米，高度约3.3厘米。
材质：玻璃。"
264.jpg,,透明文件夹,文件夹,去唱卡拉OK吧（动画）,"成田狂儿, 冈聪实","聪实 合唱团, 狂儿 唱红",アニメイト Animate A店,10/11/25,440,日本,https://www.animate-onlineshop.jp/pn/pd/3192602/,"尺寸：A4适用。
规格：PP材质/全彩印刷。"
265.jpg,,亚克力挂件造型钥匙扣 目高优一,亚克力挂件/钥匙环,为你着迷（动画）,目高优一,二阶堂 目高 冰淇淋,アニメイト Animate A店,10/11/25,1320,日本,https://www.animate-onlineshop.jp/pn/pd/3192613/,"尺寸：约6 x 4厘米
材质：亚克力/全彩印刷"
266.jpg,,亚克力挂件造型钥匙扣 二阶堂明,亚克力挂件/钥匙环,为你着迷（动画）,二阶堂明,二阶堂 目高 冰淇淋,アニメイト Animate A店,10/11/25,1320,日本,https://www.animate-onlineshop.jp/pn/pd/3192612/,"尺寸：约6 x 4厘米
材质：亚克力/全彩印刷"
267.jpg,,房间钥匙 亚克力挂件,亚克力挂件/钥匙环,为你着迷（动画）,,,アニメイト Animate A店,10/11/25,880,日本,https://www.animate-onlineshop.jp/pn/pd/3192614/,"尺寸：文字牌：约1.5 x 8厘米；图案牌：约1.7 x 3.5厘米。
材质：亚克力，全彩印刷。"
268.jpg,,手镯 目高优一,配饰,为你着迷（动画）,目高优一,,アニメイト Animate A店,10/11/25,1980,日本,https://www.animate-onlineshop.jp/pn/pd/3192623/,"尺寸：约5.7 x 4.8厘米，
材质：黄铜"
269.jpg,,手镯 二阶堂明,配饰,为你着迷（动画）,二阶堂明,,アニメイト Animate A店,10/11/25,1980,日本,https://www.animate-onlineshop.jp/pn/pd/3192622/,"尺寸：约5.7 x 4.8厘米，
材质：黄铜"
270.jpg,,随机徽章（一盒6款）目高优一x二阶堂明x江间让二x林美良,徽章/吧唧,为你着迷（动画）,"二阶堂明, 目高优一, 林美良, 江间让二",二阶堂 目高 冰淇淋,アニメイト Animate A店,10/11/25,440*6,日本,https://www.animate-onlineshop.jp/pn/pd/3192621/,"尺寸：直径约5.7厘米
材质：纸、铁、PET / 全彩印刷 每包1枚徽章，共6种款式 每盒6包
*线上销售以盒为单位。
*一盒可能无法集齐所有款式，敬请谅解。"
271.jpg,,证件照相卡 目高优一,证件照,为你着迷（动画）,目高优一,二阶堂 目高 冰淇淋,アニメイト Animate A店,10/11/25,275,日本,https://www.animate-onlineshop.jp/pn/pd/3192620/,"尺寸：约15.2 x 10.2厘米。
材质：纸，全彩印刷。"
272.jpg,,证件照相卡 二阶堂明,证件照,为你着迷（动画）,二阶堂明,二阶堂 目高 冰淇淋,アニメイト Animate A店,10/11/25,275,日本,https://www.animate-onlineshop.jp/pn/pd/3192619/,"尺寸：约15.2 x 10.2厘米。
材质：纸，全彩印刷。"
273.jpg,,亚克力立牌 目高优一,亚克力立牌/亚克力板,为你着迷（动画）,目高优一,二阶堂 目高 冰淇淋,アニメイト Animate A店,10/11/25,1980,日本,https://www.animate-onlineshop.jp/pn/pd/3192617/,"尺寸：高约16厘米（因角色而异）。
特点：亚克力材质，全彩印刷。"
274.jpg,,亚克力立牌 二阶堂明,亚克力立牌/亚克力板,为你着迷（动画）,二阶堂明,二阶堂 目高 冰淇淋,アニメイト Animate A店,10/11/25,1980,日本,https://www.animate-onlineshop.jp/pn/pd/3192616/,"尺寸：高约16厘米（因角色而异）。
特点：亚克力材质，全彩印刷。"
275.jpg,,熊猫头 T恤,衣服,为你着迷（动画）,林美良,林美良 熊猫头,アニメイト Animate A店,10/11/25,3300,日本,https://www.animate-onlineshop.jp/pn/pd/3192618/,"尺寸：衣长78厘米，胸围58厘米，肩宽53厘米，袖长24厘米。
材质：100%纯棉。"
276.jpg,,透明文件夹,文件夹,为你着迷（动画）,"二阶堂明, 目高优一",二阶堂 目高 冰淇淋,アニメイト Animate A店,10/11/25,440,日本,https://www.animate-onlineshop.jp/pn/pd/3192615/,"尺寸：A4适用。
规格：PP材质/全彩印刷。"
277.jpg,,成田狂儿 看手机 明信片,纸片子,去唱卡拉OK吧 （漫画）,成田狂儿,狂儿 看手机,メロンブックス 蜜瓜书店,8/8/25,N/A 赠品,日本,https://anime-goods7.hatenablog.com/entry/2025/07/11/084036,"月刊コミックビーム2025年9月号 蜜瓜书店 特典

- 尺寸：100*149mm"
278.jpg,,祭林组 冈田 透明文件夹,文件夹,去唱卡拉OK吧 （漫画）,成田狂儿,狂儿 🐭被迫参加卡拉OK大赛,メロンブックス 蜜瓜书店,10/29/25,N/A 赠品,日本,https://x.com/goods_info_01/status/1983512982630851052,月刊コミックビーム2025年12月号 蜜瓜书店 特典
279.jpg,,冈聪实 明信片,纸片子,去唱卡拉OK吧 （漫画）,冈聪实,聪实 丸山 花 甜甜圈,ゲーマーズ Gamers,10/29/25,N/A 赠品,日本,https://x.com/goods_info_01/status/1983512982630851052,月刊コミックビーム2025年12月号 Gamers 特典
280.jpg,,成田狂儿 抓鼠 明信片,纸片子,去唱卡拉OK吧 （漫画）,成田狂儿,狂儿 麦记捉🐭,アニメイト Animate A店,11/11/25,N/A 赠品,日本,,月刊コミックビーム2025年12月号 A店 特典
281.jpg,,成田狂儿 冈聪实 家庭餐厅 明信片,纸片子,去唱卡拉OK吧 （漫画）,"成田狂儿, 冈聪实",聪实 狂儿 萨莉亚 很不高兴见到你,ゲーマーズ Gamers,8/8/25,N/A 赠品,日本,https://anime-goods7.hatenablog.com/entry/2025/07/11/084036,月刊コミックビーム2025年9月号 Gamers 特典
282.jpg,,冈聪实 看手机 明信片,纸片子,去唱卡拉OK吧 （漫画）,冈聪实,聪实 看手机,アニメイト Animate A店,8/8/25,N/A 赠品,日本,https://anime-goods7.hatenablog.com/entry/2025/07/11/084036,"月刊コミックビーム2025年9月号 A店 特典

- 尺寸：100*149mm"
283.jpg,,成田狂儿&冈聪实 三宫格 明信片,纸片子,去唱卡拉OK吧 （漫画）,"成田狂儿, 冈聪实","聪实 狂儿 你想对我怎么样, 聪实 四叠半",メロンブックス 蜜瓜书店,7/23/25,N/A 赠品,日本,https://x.com/goods_info_01/status/1937060384751657147/photo/1,"月刊コミックビーム 2025年8月号 蜜瓜书店 特典

尺寸：100*149mm"
284.jpg,,冈聪实 三宫格 明信片,纸片子,去唱卡拉OK吧 （漫画）,冈聪实,聪实 男厕头脑风暴,ゲーマーズ Gamers,7/23/25,N/A 赠品,日本,https://x.com/goods_info_01/status/1937060384751657147/photo/1,"月刊コミックビーム 2025年8月号 Gamers 特典

尺寸：100*149mm"
285.jpg,,成田狂儿 三宫格 明信片,纸片子,去唱卡拉OK吧 （漫画）,成田狂儿,狂儿 麦记捉🐭,アニメイト Animate A店,7/23/25,N/A 赠品,日本,https://x.com/goods_info_01/status/1937060384751657147/photo/1,"月刊コミックビーム 2025年8月号 A店 特典

尺寸：100*149mm"
286.jpg,,成田狂儿 透明文件夹,文件夹,去唱卡拉OK吧 （漫画）,成田狂儿,狂儿 吃麦记,メロンブックス 蜜瓜书店,4/10/25,N/A 赠品,日本,https://x.com/goods_info_01/status/1913266567179370993/photo/1,月刊コミックビーム 2025年6月号 蜜瓜书店 特典
287.jpg,,冈聪实啃汉堡 相卡,纸片子,去唱卡拉OK吧 （漫画）,冈聪实,聪实 吃麦记,アニメイト Animate A店,4/10/25,N/A 赠品,日本,https://x.com/goods_info_01/status/1910348292040663202/photo/1,"月刊コミックビーム 2025年6月号 A店 特典

尺寸：127*89mm"
288.jpg,,成田狂儿 大阪特产 明信片,纸片子,去唱卡拉OK吧 （漫画）,成田狂儿,狂儿 大阪特产外卖来咯,アニメイト Animate A店,2/10/25,N/A 赠品,日本,https://x.com/goods_info_01/status/1866793555773231279/photo/1,"- 月刊コミックビーム2024年12月号 A店特典
- 月刊コミックビーム2025年3月号 A店特典

尺寸：100*149mm"
289.jpg,,冈聪实 大阪章鱼烧博览会 明信片,纸片子,去唱卡拉OK吧 （漫画）,冈聪实,聪实 外星人T恤,メロンブックス 蜜瓜书店,11/11/24,N/A 赠品,日本,https://x.com/goods_info_01/status/1855894323969356172/photo/1,"- 月刊コミックビーム 2024年12月号 蜜瓜书店 特典

尺寸：100*149mm"
290.jpg,,随书透卡,透卡,去家庭餐厅吧/去恰饭吧 （漫画）,"成田狂儿, 冈聪实","聪实 狂儿 咲茶店对视, 狂儿 抽烟",コミックビームComic Beam,11/11/24,N/A 赠品,日本,https://x.com/goods_info_01/status/1855894323969356172/photo/1,"- 月刊コミックビーム 2024年12月号 随书透卡

尺寸：
-（单张透卡）55*85mm
- （整张）171*206mm"
291.jpg,,特典纸,纸片子,"去唱卡拉OK吧 （漫画）, 去家庭餐厅吧/去恰饭吧 （漫画）","成田狂儿, 冈聪实","狂儿 递名片 , 狂儿 递表",ダ・ヴィンチストア 达芬奇书店,12/12/24,N/A 赠品,日本,https://x.com/DAVINCI_STORE/status/1866780178481025334,"- Comic Beam x Da Vinci Store 达芬奇书店 联名 特典纸活动 12/12/2024

- 尺寸：103*145mm"
292.jpg,,狂儿聪实四叠半吃包子 电子版漫画原画特典纸,纸片子,去家庭餐厅吧/去恰饭吧 （漫画）,"成田狂儿, 冈聪实",聪实 四叠半,Bookwalker,7/21/25,N/A 赠品,日本,https://x.com/goods_info_01/status/1947498343166574768/photo/3,"为了庆祝动画《一起去唱卡拉OK吧！》和《为你着迷》动画的播出，和山山作品展销会正在进行中！
活动期间购买《一起去唱卡拉OK吧！》、《为你着迷》和《一起去家庭餐厅吧。上》三卷的顾客，将获得一张附有和山山亲笔留言的电子版特典图片！"
293.jpg,, 聪实下夜班 四叠半 储蓄罐 特典 明信片,纸片子,去家庭餐厅吧/去恰饭吧 （漫画）,冈聪实,聪实 四叠半,未来屋書店/アシーネ/MIRAIA/MIRAIYA,,N/A 赠品,日本,,"书店特典

- 尺寸：105*148mm"
294.jpg,,冈聪实 家庭餐厅 储物柜 透明文件夹,文件夹,去家庭餐厅吧/去恰饭吧 （漫画）,冈聪实,聪实 萨莉亚 储物柜,メロンブックス 蜜瓜书店,12/28/23,N/A 赠品,日本,https://x.com/YamaWayama_PR/status/1740305285770801418/photo/1,日文版《去家庭餐厅吧。上》发行 书店特典
295.jpg,,去散散步吧 明信片,纸片子,去家庭餐厅吧/去恰饭吧 （漫画）,"成田狂儿, 冈聪实",聪实 狂儿 散散步吧,アニメイト Animate A店,12/28/23,N/A 赠品,日本,https://x.com/YamaWayama_PR/status/1740305285770801418/photo/2,日文版《去家庭餐厅吧。上》发行 书店特典
296.jpg,,冈聪实找兼职 明信片,纸片子,去家庭餐厅吧/去恰饭吧 （漫画）,冈聪实,,ポータルTSUTAYA蔦屋書店,12/28/23,N/A 赠品,日本,https://x.com/YamaWayama_PR/status/1740305285770801418/photo/3,日文版《去家庭餐厅吧。上》发行 书店特典
297.jpg,,冈聪实&成田狂儿 “很不高兴见到你” 明信片,纸片子,去家庭餐厅吧/去恰饭吧 （漫画）,"成田狂儿, 冈聪实",聪实 狂儿 萨莉亚 很不高兴见到你,HMV&BOOKS,12/28/23,N/A 赠品,日本,https://x.com/YamaWayama_PR/status/1740305285770801418/photo/4,日文版《去家庭餐厅吧。上》发行 书店特典
298.jpg,,“你们在招兼职吗？”明信片,纸片子,去家庭餐厅吧/去恰饭吧 （漫画）,冈聪实,,クとらのあな 虎穴 Toraoana,12/28/23,N/A 赠品,日本,https://x.com/YamaWayama_PR/status/1740305285770801418/photo/5,日文版《去家庭餐厅吧。上》发行 书店特典
299.jpg,,聪实吃焗饭 明信片,纸片子,去家庭餐厅吧/去恰饭吧 （漫画）,冈聪实,,未来屋書店/アシーネ/MIRAIA/MIRAIYA,12/28/23,N/A 赠品,日本,https://x.com/YamaWayama_PR/status/1740305285770801418/photo/6,日文版《去家庭餐厅吧。上》发行 书店特典
300.jpg,,“22岁？“ 明信片,纸片子,去家庭餐厅吧/去恰饭吧 （漫画）,成田狂儿,狂儿 22？,Kinokuniya 纪伊国书屋,12/28/23,N/A 赠品,日本,https://x.com/YamaWayama_PR/status/1740305285770801418/photo/7,日文版《去家庭餐厅吧。上》发行 书店特典
301.jpg,,冈聪实 ”手机没电了“ 明信片,纸片子,去家庭餐厅吧/去恰饭吧 （漫画）,"成田狂儿, 冈聪实",,HMV&BOOKS,12/28/23,N/A 赠品,日本,https://x.com/YamaWayama_PR/status/1740305285770801418/photo/8,日文版《去家庭餐厅吧。上》发行 书店特典
302.jpg,,冈聪实 四叠半 ”储蓄罐听起来空荡荡 真火大“ 特典纸,纸片子,去家庭餐厅吧/去恰饭吧 （漫画）,冈聪实,聪实 四叠半,未来屋書店/アシーネ/MIRAIA/MIRAIYA,,,日本,,
303.jpg,,聪实 狂儿 找不同小册子,小册子,去家庭餐厅吧/去恰饭吧 （漫画）,"成田狂儿, 冈聪实",聪实 狂儿 散散步吧,ポータルTSUTAYA蔦屋書店,12/28/23,N/A 赠品,日本,,日文版《去家庭餐厅吧。上》发行 书店特典
304.jpg,,HMV 涩谷限定 和山山复制原画纸,色纸,去唱卡拉OK吧 （漫画）,"成田狂儿, 冈聪实",,HMV&BOOKS,,,日本,,
305.jpg,,狂儿点烟半身 明信片,纸片子,去唱卡拉OK吧 （漫画）,成田狂儿,狂儿 抽烟,メロンブックス 蜜瓜书店,9/12/20,N/A 赠品,日本,https://www.melonbooks.co.jp/shop/event_detail.php?wp_id=27&post_id=8060&srsltid=AfmBOoow_JVM-U0lW4isKict9MDd_dUnTWFoihXfoRYNI92FTl52xQlQ,"-凡购买《去唱卡拉OK吧！》日文漫画，即可获赠特典一张。9/12/2020
- 特典再版：凡购买《去家庭餐厅吧。上》日文漫画，即可获赠特典一张。12/28/2023"
306.jpg,,狂儿抽烟 特典纸,纸片子,去唱卡拉OK吧 （漫画）,成田狂儿,狂儿 抽烟,HMV&BOOKS,9/12/20,N/A 赠品,日本,https://x.com/COMIC_BEAM/status/1301824694757158914/photo/1,-凡购买《去唱卡拉OK吧！》日文漫画，即可获赠特典一张。9/12/2020
307.jpg,,聪实睡着 狂儿开车 A6特典卡,纸片子,去唱卡拉OK吧 （漫画）,"成田狂儿, 冈聪实",丰田世纪,ジュンク堂書店 淳久堂书店,9/12/20,N/A 赠品,日本,https://x.com/COMIC_BEAM/status/1301824694757158914/photo/1,-凡购买《去唱卡拉OK吧！》日文漫画，即可获赠特典一张。9/12/2020
308.jpg,,成田狂儿吃巴菲 冈聪实吃炒饭 明信片,纸片子,去唱卡拉OK吧 （漫画）,"成田狂儿, 冈聪实","狂儿 吃巴菲, 聪实 吃炒饭",アニメイト Animate A店,9/12/20,N/A 赠品,日本,https://x.com/COMIC_BEAM/status/1301824694757158914/photo/1,-凡购买《去唱卡拉OK吧！》日文漫画，即可获赠特典一张。9/12/2020
309.jpg,,去唱卡拉OK吧 封面柄图 插图卡,纸片子,去唱卡拉OK吧 （漫画）,"成田狂儿, 冈聪实",聪实 狂儿 雨中撑伞,"コミック Comic Zin, クとらのあな 虎穴 Toraoana",9/12/20,N/A 赠品,日本,https://x.com/COMIC_BEAM/status/1301824694757158914/photo/1,-凡购买《去唱卡拉OK吧！》日文漫画，即可获赠特典一张。9/12/2020
310.jpg,,Comic Beam 122025 附赠贴纸,贴纸,"去家庭餐厅吧/去恰饭吧 （漫画）, 去唱卡拉OK吧 （漫画）, 为你着迷（漫画）","成田狂儿, 冈聪实, 林美良","狂儿 吃巴菲, 聪实 蒙娜丽莎",,11/13/25,N/A 赠品,日本,,"- Comic Beam 30周年庆祝活动 11/12/2025

在店内购买指定书籍，即可获赠印有八部作品插图的“原创特典贴纸”！（148mm x 210mm）"
311.jpg,,角川 Comic Beam 122025 抽赏 狂聪 莆田 亚克力立牌,亚克力立牌/亚克力板,去家庭餐厅吧/去恰饭吧 （漫画）,"成田狂儿, 冈聪实",聪实 狂儿 蒲田站,"コミックビームComic Beam, カドスト Kadokawa 角川商店",11/13/25,N/A 抽奖,日本,,"- Comic Beam 30周年庆祝活动 11/12/2025

角川KADOKAWA App - 使用您累积的积分参与抽奖，赢取丰厚奖品。
【3 位幸运儿】一起去家庭餐厅吧。” 亚克力板（210mm x 297mm）150p
"
312.jpg,,角川 Comic Beam 122025 抽赏 狂聪 莆田 封面 彩色样稿,纸片子,去家庭餐厅吧/去恰饭吧 （漫画）,"成田狂儿, 冈聪实",聪实 狂儿 蒲田站,"コミックビームComic Beam, カドスト Kadokawa 角川商店",11/13/25,N/A 抽奖,日本,,"- Comic Beam 30周年庆祝活动 11/12/2025

角川KADOKAWA App - 使用您累积的积分参与抽奖，赢取丰厚奖品。
【5 位抽奖获奖者】月刊 Comic Beam 2013 年 12 月刊” 封面（一起去家庭餐厅吧） 彩色样稿，和山山 签名 100p"
313.jpg,,《去唱卡拉OK吧！》《为你着迷》动画开播A店周边商品 贴纸,贴纸,去唱卡拉OK吧（动画）,"成田狂儿, 冈聪实",,,7/24/25,N/A 赠品,日本,,- 《去唱卡拉OK吧！》《为你着迷》动画开播A店周边商品发放活动 7/24/2025
314.jpg,,声优/配音演员签名板 江间让二,亲签,为你着迷（动画）,江间让二,,,12/11/24,N/A 赠品,日本,,-《为你着迷》声优阵容确定庆祝 声优签名抽赏 第1轮 12/11/2024
315.jpg,,声优/配音演员签名板 林美良,亲签,为你着迷（动画）,林美良,,,12/11/24,N/A 赠品,日本,,-《为你着迷》声优阵容确定庆祝 声优签名抽赏 第1轮 12/11/2024
316.jpg,,声优/配音演员签名板 二阶堂明,亲签,为你着迷（动画）,二阶堂明,,,3/23/25,N/A 赠品,日本,,-《为你着迷》声优阵容确定庆祝 声优签名抽赏 第2轮 3/23/2025
317.jpg,,声优/配音演员签名板 目高优一,亲签,为你着迷（动画）,目高优一,,,3/23/25,N/A 赠品,日本,,-《为你着迷》声优阵容确定庆祝 声优签名抽赏 第2轮 3/23/2025
318.jpg,,月刊コミックビーム Comic Beam 2021年2月号 亚马逊购入特典 INS/SNS 风格 《为你着迷》手机壁纸 （一套2张）,线上：手机壁纸,为你着迷（漫画）,"二阶堂明, 林美良",林美良 嘘,Amazon.co.jp 亚马逊日本,2/12/21,N/A 赠品,日本,https://x.com/YamaWayama_PR/status/1348849071428046849,
319.jpg,,日文《为你着迷》首限 电视剧版 DVD/蓝光碟 ,DVD/蓝光碟,为你着迷（电视剧）,"二阶堂明, 目高优一, 林美良, 江间让二",,"Amazon.co.jp 亚马逊日本, 楽天ブックス Rakuten 乐天",7/14/21,"- DVD 5425
- 蓝光碟 7488",日本,https://x.com/YamaWayama_PR/status/1415253130351038465,首限特典：访谈小册子（包括和山山老师的采访）+ 迷你文件夹